10_PRINT_121114.pdf	124	Processing port of 10 PRINT focused on closely imitating the behavior of the		
788330044_content.pdf	3	                                                                      existence, worshipping itself (Kant	 the Fanatiker       imitated bird song is evoked and the spectre	
Andrea_Fumagalli_-_Twenty_Theses_on_Contemporary_Capitalism_Cognitive_Biocapitalism.pdf	6	                                                                        avoiding the possibility of its imitation, thanks to   fixed and variable capital, that is, of both the		
arvidsson_info_value_2012.pdf	8	                                                                        by a multitude that remains, at least in part, outside of the   network effects that come from the imitative dynamics of		
arvidsson_info_value_2012.pdf	8	                                                                        type of assets, as market actors imitate the behavior of        accumulate (through measures like popularity, consumer		
arvidsson_info_value_2012.pdf	10	                                                                        only by watching, but by actually imitating the “consump-       The Page Rank metrics became a measure of the value		
badiou_interview_2003.pdf	9	                                                                     gion. Even today, it is an aberration to explain      contingency of representations, to imitation, was		
barry_born_interdiscipline_2008.pdf	7	                                                                    research. Drawing on Tarde’s theorization of imitation and invention, we take		
barry_born_interdiscipline_2008.pdf	17	                                                                    imitated across new domains, notably in market research and other industries		
barry_pharma_2005.pdf	4	 s not the opposite of imitation, nor was the relation between invention		
barry_pharma_2005.pdf	4	d imitation analogous to the sociological distinction between agency and		
barry_pharma_2005.pdf	5	t of its subsequent imitation by others.		
Barry_thrift_tarde_2007.pdf	1	                                      Gabriel Tarde	 imitation, invention and economy	
Barry_thrift_tarde_2007.pdf	1	                                      To cite this Article	 Barry, Andrew and Thrift, Nigel (2007) 'Gabriel Tarde	 imitation,
Barry_thrift_tarde_2007.pdf	2	                                                                       Gabriel Tarde	 imitation,	
Barry_thrift_tarde_2007.pdf	2	                                                                          second part of the paper focuses on the importance of the concepts of imitation and		
Barry_thrift_tarde_2007.pdf	2	                                                                          Keywords	 Tarde; invention; imitation; suggestion; economic psychology; history of	
Barry_thrift_tarde_2007.pdf	4	                                                                       work highlights, in particular, the importance of suggestion and imitation in		
Barry_thrift_tarde_2007.pdf	5	                                                                       being, in the degree that he is social, is essentially imitative and that imitation		
Barry_thrift_tarde_2007.pdf	5	                                                                       being, in the degree that he is social, is essentially imitative and that imitation		
Barry_thrift_tarde_2007.pdf	6	                                                                       imitation. In this way, there is a sense in which the smallest entities can be		
Barry_thrift_tarde_2007.pdf	8	                                                                       understand changes, in part, as a result of the imitation of external elements		
Barry_thrift_tarde_2007.pdf	8	                                                                       and the conjunction of different imitative currents. In this respect, the		
Barry_thrift_tarde_2007.pdf	9	                                                                          . . . successful imitations are numerous indeed, but how few are they in		
Barry_thrift_tarde_2007.pdf	10	                                                                       At the heart of Tarde’s account of this economy is the notion of imitation. But,		
Barry_thrift_tarde_2007.pdf	10	                                                                       for Tarde, imitation was never exact. It always contained a potential surplus		
Barry_thrift_tarde_2007.pdf	11	                                                                       individual initiatives which are imitated, I do not say that invention, individual		
Barry_thrift_tarde_2007.pdf	11	                                                                           But fundamental to invention is imitation, and for Tarde the modern		
Barry_thrift_tarde_2007.pdf	12	                                                                       point of interference or conjunction between lines of imitation as we have		
Barry_thrift_tarde_2007.pdf	12	                                                                       of suggestion and semiconscious imitation in the operation of markets	 for	
Barry_thrift_tarde_2007.pdf	13	                                                                       question of the process of imitation and suggestion, thereby potentially		
Barry_thrift_tarde_2007.pdf	13	                                                                       managing the forms of imitation and contagion that he observed and theorized		
Barry_thrift_tarde_2007.pdf	14	                                                                       imitate what he took to be the arguments of contemporary natural scientists.		
Barry_thrift_tarde_2007.pdf	16	                                                                                                                     Borch, C. (2005) Urban imitations		
Barry_thrift_tarde_2007.pdf	17	                                                                       Callon, M., Méadel, C. and                        Leys, R. (1993) ‘Mead’s voices	 imitation	
barthes_mythologies.pdf	28	much, in fact, the imitation which is the sign of an abdication, as    and knocks it, it neither vi		
Bennett_Chapter_7_'Political_Ecologies'_Vibrant_Matter_(Jane_Bennett).pdf	12	"  are these claims fatally dependent on                                                 sound,"" fingers should imitate the series of movements made by a"		
bennett_counting_seeing_2009.pdf	13	    genre have been so little imitated for such a long time? A part of his explana-		
bennett_counting_seeing_2009.pdf	14	a genre takes a jump – the result of the imitation of unintended variations, with		
Berlant_Nearly_2007_Utopian.pdf	1	             with Riquet, spent the evening imitating what it might be like sometime to have		
Borch_foam_sloterdijk_2008.pdf	2	                                                                        Tarde’s monadological sociology of imitation but also the vitalist impulse that is		
Borch_foam_sloterdijk_2008.pdf	5	                                                                     suggestive imitation (e.g. Blackman, 2007). What is central to mesmerism,		
Borch_foam_sloterdijk_2008.pdf	5	                                                                     based on somnambulistic imitation, Sloterdijk, in fact, goes on to propose that		
Borch_foam_sloterdijk_2008.pdf	7	                                                                     imitation, supported in modern society by the mass media (2004a, p. 60, 2004b,		
Borch_foam_sloterdijk_2008.pdf	7	                                                                     p. 19). Tarde argues that imitation creates a social bond because the one who		
Borch_foam_sloterdijk_2008.pdf	9	                                                                     describes with his notion of somnambulistic imitation (Sloterdijk, 2004a, p.		
Borch_foam_sloterdijk_2008.pdf	9	                                                                     ascribes to Tardean analyses of (mass-mediated) imitation dynamics between		
Borch_foam_sloterdijk_2008.pdf	15	                                                                     rays of imitation. Incorporating the work of Böhme and Brennan in		
Borch_foam_sloterdijk_2008.pdf	17	                                                                     one of contagious imitation. Newman proposes an analogous argument. If the		
Borch_foam_sloterdijk_2008.pdf	17	                                                                     defensible space is (equally) a strategy to shape patterns of affective imitation.		
Borch_foam_sloterdijk_2008.pdf	20	                                                                     orientation allows for taking explicitly into account both contagious imitations		
Borch_foam_sloterdijk_2008.pdf	24	                                                                     Sloterdijk, P. (2000). Der Anwalt des          Tarde, G. (1962). The laws of imitation.		
Borch_tarde-2005.pdf	2	logy of societal imitation that takes into account communication and		
Borch_tarde-2005.pdf	2	 tion, which is not social, and imitation, which is a purely social		
Borch_tarde-2005.pdf	2	rde’s terminology, imitated.		
Borch_tarde-2005.pdf	2	ce Tarde’s focus on the scientific laws that govern imitations – which		
Borch_tarde-2005.pdf	3	 es the social, imitation. Imitation is defined as ‘the action at a distance		
Borch_tarde-2005.pdf	3	 the defining characteristic of society, ‘Society is imitation and imitation		
Borch_tarde-2005.pdf	3	     of little men, the little inventions and interferences between imitative		
Borch_tarde-2005.pdf	5	rst, it incites us to conceive of imitation as a truly recursive phenomenon.		
Borch_tarde-2005.pdf	5	st as communication has its only foundation in communication, imitation		
Borch_tarde-2005.pdf	5	tween communication and imitation. Thus, imitation itself requires a		
Borch_tarde-2005.pdf	6	 ost important work on imitation, Laws of Imitation, contains no exten-		
Borch_tarde-2005.pdf	6	reatment of the relationship between communication and imitation (but		
Borch_tarde-2005.pdf	6	gest agent of imitation’ (Tarde, 1989	 30, 87, cf. 1969	 308). On the
Borch_tarde-2005.pdf	6	ate relation between imitation and communication.		
Borch_tarde-2005.pdf	7	 ucture, which is levelled in the course of time as the spread of imitation		
Borch_tarde-2005.pdf	7	ovides a number of examples of this process, for example, the imitation		
Borch_tarde-2005.pdf	7	 y, the classical nobility loses its imitation-generating capacity. This in no		
Borch_tarde-2005.pdf	7	  ascribing the city a dominant status as the point of radiation of imita-		
Borch_tarde-2005.pdf	8	where the basic functions of the centre from which imitation radiates		
Borch_tarde-2005.pdf	8	a significant influence on shaping the radiation of imitations. Foucault		
Borch_tarde-2005.pdf	8	 As should be clear by now, Tarde’s theory of imitation is intimately		
Borch_tarde-2005.pdf	9	ter demonstrating how urban imitation assumes one of its most manifest		
Borch_tarde-2005.pdf	9	tline an analytical perspective with which to diagnose urban imitations, a		
Borch_tarde-2005.pdf	9	out crowds and their imitative capacities. Drawing upon Tarde’s observa-		
Borch_tarde-2005.pdf	9	rde says, the child imitates the father; in the crowd, the crowd members		
Borch_tarde-2005.pdf	10	quote reveals why Tarde has a general interest in the crowd, for imita-		
Borch_tarde-2005.pdf	10	ring oscillation between the two forms of imitation, custom and fashion,		
Borch_tarde-2005.pdf	11	  imitation theory seems to suggest that the crowd expresses an absolute		
Borch_tarde-2005.pdf	11	 nes the normal, everyday imitation processes in the city, which may be		
Borch_tarde-2005.pdf	11	  In Goffman, therefore, the focus is repositioned to peaceful imitation		
Borch_tarde-2005.pdf	12	 accept that the social is constituted by imitation and if we, further-		
Borch_tarde-2005.pdf	12	  subscribe to the thesis that, in modern society, imitation processes		
Borch_tarde-2005.pdf	12	ion arises of how to analyse these imitations more specifically. One		
Borch_tarde-2005.pdf	12	  re culturally defined reasons – like the imitation of the nobility or		
Borch_tarde-2005.pdf	12	 that condition and regulate imitation, but which at the same time takes		
Borch_tarde-2005.pdf	13	 n of imitation processes by supplying Tarde’s approach with a more elab-		
Borch_tarde-2005.pdf	13	 the level of imitation and hence ignore oppositions and adaptations).		
Borch_tarde-2005.pdf	13	rdean model of social repetition, imitation – not all repetitions bring about		
Borch_tarde-2005.pdf	14	serve simply how imitations allegedly create, reproduce and stabilize		
Borch_tarde-2005.pdf	14	tion), which tend to continually destabilize the imitations and rhythms		
Borch_tarde-2005.pdf	14	 on the spatiality of imitations, the relation between materiality and		
Borch_tarde-2005.pdf	14	perspective on the government at a distance of imitations and their		
Borch_tarde-2005.pdf	15	proach	 if we succeed in mapping the rhythms of imitation, we simul-	
Borch_tarde-2005.pdf	15	  tely an analysis of the structures of communicative imitations	 how are	
Borch_tarde-2005.pdf	15	sis of how spatial designs are applied in order to govern imitation at a		
Borch_tarde-2005.pdf	15	 m 1890, Tarde conceives of imitation through the notion of suggestion		
Borch_tarde-2005.pdf	16	 Of course, the shift in Tarde’s conception of imitation also has impli-		
Borch_tarde-2005.pdf	16	tion – whether imitation is horizontally or vertically based, whether it		
Borch_tarde-2005.pdf	17	sign may condition imitation processes. This is still the case when imita-		
Borch_tarde-2005.pdf	17	sign may condition imitation processes. This is still the case when imita-		
Borch_tarde-2005.pdf	17	 nding of imitation presupposes a law-like structure founded more on a		
Borch_tarde-2005.pdf	17	psychologism. Rather, the theory of imitation is a pure sociology, which		
Borch_tarde-2005.pdf	17	     . . . man is wrong in thinking that he imitates because he wishes to. For this		
Borch_tarde-2005.pdf	18	serve how imitation spreads, as this would also demonstrate that social life is		
boyle_thepublicdomain1.pdf	24	could wait until people liked the product and then just produce an imitation		
boyle_thepublicdomain1.pdf	41	      more allegory, one more life of a poet, one more imitation of Juvenal? I firmly believe		
boyle_thepublicdomain1.pdf	130	between virtuous competitive imitation and illicit “piracy.”		
boyle_thepublicdomain1.pdf	137	    likely to conceal as much as they reveal. Is this virtuous competitive imitation		
boyle_thepublicdomain1.pdf	143	       Funny thing, but during all these years I was imitating Nat Cole, I never thought		
boyle_thepublicdomain1.pdf	151	    originality bursts forth, where he stops imitating the smooth sounds of Nat		
boyle_thepublicdomain1.pdf	170	breakers but they are still unoriginal slavish imitators. If one’s image of creativ-		
boyle_thepublicdomain1.pdf	171	    merely endless imitation. If this is meant to be a comment about how things		
boyle_thepublicdomain1.pdf	179	    ing the operation of computers, a metaphor that enables us to imitate their		
boyle_thepublicdomain1.pdf	183	    the right to prevent functional imitation and competition. Is that enough?		
boyle_thepublicdomain1.pdf	243	       one more imitation of Juvenal? I firmly believe not. I firmly believe that a hundred		
boyle_thepublicdomain1.pdf	316	  136; and imitation of Nat King Cole,         182–184, 203–204; tragedy of the, xiv,		
boyle_thepublicdomain1.pdf	316	  property policy, 59, 234, 272n11.          competition, imitation as part of,		
caffentzis.pdf	6	natural-substance theories, which were intended to imitate the structure of explanation		
caffentzsis_in-letters-of-blood-and-fire.pdf	172	sal heat engine guided by a universal Turing machine can imitate or instantiate		
caffentzsis_in-letters-of-blood-and-fire.pdf	193	of natural-substance theories, which were intended to imitate the structure of explana-		
Callon-Law-2004.pdf	6	that use of the telephone or other systems of information does not reduce imitation.		
Callon-Law-2004.pdf	6	Instead it tends to increase it despite the fact that imitation would seem to be a		
callon-volonlonha-2002.pdf	10	    are formed, discussed and imitated. Moreover, these networks are not purely		
canales_movement_cinema_2006.pdf	7	‘begin with geometrical drawing [dessin linéaire] before arriving at imitative		
canales_movement_cinema_2006.pdf	8	    ‘consisted of repeatedly imitating with servile fidelity lithographs, engravings		
cassirer_substanceandfunc033163mbp.pdf	205	not proceed merely receptively and imitatively in them, but develops		
cassirer_substanceandfunc033163mbp.pdf	369	in the imitation of its methods or in the real application of its proposi-		
chakrabarty_anthropocene_2013.pdf	131	living. That is, instead of imitating reality, the experience of reading		
chakrabarty_anthropocene_2013.pdf	131	Ulysses imitates the structure of the reader’s encounter with everyday		
chakrabarty_anthropocene_2013.pdf	158	   These outrageous imitations also reveal a Proust whose habits of		
chakrabarty_anthropocene_2013.pdf	160	theory of imitation as the foundation of social cohesion, to Marcel		
chakrabarty_anthropocene_2013.pdf	160	Mauss’s 1934 theory of “habitus” as “a prestigious imitation” whereby		
chakrabarty_anthropocene_2013.pdf	171	in Pastiches et mélanges in 1919, adding a Saint-Simon imitation to those he had previously		
cheah-world-lit_2008.pdf	2	                                                     sure, accept, and reject, imitate and dis-		
cochoy_Theory Culture Society-2007-Cochoy-203-23.pdf	12	daughter . . .’) is exactly, with nearly the right accent – ‘(the wolf says imitat-		
cubitt_moving_image_jvc_2002.pdf	4	    imitation, like a futurist painting, or by empathy, but as information. To some		
demos_China_Final_2007.pdf	6	                    From imitation to innovation		
Derrida_Of_Gramm_1976.pdf	47	described tragedy as “the imitation of an action that is serious and also, as having magnitude,		
Derrida_Of_Gramm_1976.pdf	48	simulacrum, since the imitated object makes some-thing appear which remained invisible or, .		
Derrida_Of_Gramm_1976.pdf	100	more subtle, more critical, and less complacent theory of image, painting, and imitation than		
Derrida_Of_Gramm_1976.pdf	113	representations.. The third, in imitation of Kant’s fashion of preserving old associations of		
Derrida_Of_Gramm_1976.pdf	144	according to the line and the book, except by imitating the operation implicit in teaching		
Derrida_Of_Gramm_1976.pdf	172	drawing wavy lines. In that they imitated the only use that they had seen us make of our		
Derrida_Of_Gramm_1976.pdf	175	scene was not the scene of the origin, but only that of the imitation of writing. Even if it were		
Derrida_Of_Gramm_1976.pdf	236	voice. The notion of imitation reconciles these two exigencies within ambiguity. The first		
Derrida_Of_Gramm_1976.pdf	236	melodious and appreciable tune, is only an artificial imitation of the accents in the speaking or		
Derrida_Of_Gramm_1976.pdf	237	transgress or modify the voice. But the song must imitate cries and laments. This leads to a		
Derrida_Of_Gramm_1976.pdf	237	second polar determination of nature	 it becomes the unity—as ideal limit—of the imitation	
Derrida_Of_Gramm_1976.pdf	240	And, to the degree that the rules of imitation proliferated, imitative language was enfeebled.		
Derrida_Of_Gramm_1976.pdf	240	And, to the degree that the rules of imitation proliferated, imitative language was enfeebled.		
Derrida_Of_Gramm_1976.pdf	242	preeminently in song, the outside imitates the inside. It is expressive. It “paints” passions. The		
Derrida_Of_Gramm_1976.pdf	242	of imitation. Painting and song are reproductions, whatever might be their differences; the		
Derrida_Of_Gramm_1976.pdf	242	It is the status of the sign that is marked by the same ambiguity. Signifier imitates signified.		
Derrida_Of_Gramm_1976.pdf	243	Pedagogy cannot help but encounter the problem of imitation. What is example? Should one		
Derrida_Of_Gramm_1976.pdf	243	before the word and the theme of imitation occupy the front of the stage, the problem of the		
Derrida_Of_Gramm_1976.pdf	243	imitate it. What does it mean to imitate generosity? It is to give signs in the place of things,		
Derrida_Of_Gramm_1976.pdf	243	and tolerated by the structure of imitation.		
Derrida_Of_Gramm_1976.pdf	244	But this good imitation already carries within itself the premises of its corruption [altération].		
Derrida_Of_Gramm_1976.pdf	244	actually contents himself with imitating according to the signs of memory. He may always		
Derrida_Of_Gramm_1976.pdf	244	content himself with giving signs. A first time, good imitation may be impossible, a second		
Derrida_Of_Gramm_1976.pdf	244	The possibility of imitation seems thus to interrupt natural simplicity. With imitation, is it not		
Derrida_Of_Gramm_1976.pdf	244	arts. If art is imitation, it is essential to remember that everything in it signifies. In the		
Derrida_Of_Gramm_1976.pdf	245	pleasure of the sense. It is the drawing, the imitation, which gives life and spirit to these		
Derrida_Of_Gramm_1976.pdf	245	If art operates through the sign and is effective through imitation, it can only take place within		
Derrida_Of_Gramm_1976.pdf	246	same time with imitation		
Derrida_Of_Gramm_1976.pdf	246	one dog will attract another. When my cat hears me imitate a mewing, I see it become im-		
Derrida_Of_Gramm_1976.pdf	246	but rather the signified that it expresses, imitates, or transports. It would be wrong to conclude		
Derrida_Of_Gramm_1976.pdf	247	object, and, better, if it expresses a passion	 “It is the drawing, the imitation, which gives life	
Derrida_Of_Gramm_1976.pdf	247	The engraving	 art being born of imitation, only belongs to the work proper as far as it can be	
Derrida_Of_Gramm_1976.pdf	247	On the one hand, in fact, Rousseau does not doubt that imitation and formal outline are the		
Derrida_Of_Gramm_1976.pdf	247	or engraving, the line which is imitated, belongs to all the arts, to the arts of space as much as		
Derrida_Of_Gramm_1976.pdf	248	the outline. That is to say to what can give rise to cold calculation and the mles of imitation.		
Derrida_Of_Gramm_1976.pdf	248	death, melodic to harmonic form, form with imitative con-tent to form without content, form		
Derrida_Of_Gramm_1976.pdf	250	shackles its imitative force—melody—is absent in the be-ginning of music (in illo tempore)		
Derrida_Of_Gramm_1976.pdf	250	The good form of music, which, through representative imitation, produces sense while		
Derrida_Of_Gramm_1976.pdf	250	an art of imitation, by which the mind may be affected with different images, the heart moved		
Derrida_Of_Gramm_1976.pdf	251	What is there to say about this second principle? It must undoubtedly permit imitation		
Derrida_Of_Gramm_1976.pdf	251	melody that imitates and expresses? It is the accent. If we have lingered long in the debate		
Derrida_Of_Gramm_1976.pdf	251	cold, without imitative energy (like the calculation of intervals within harmony), while the		
Derrida_Of_Gramm_1976.pdf	251	By design, one must understand condition of imitation; by color, natural substance, whose		
Derrida_Of_Gramm_1976.pdf	253	of sounds and the laws of harmony, how would one ever make of that art an imitative art?		
Derrida_Of_Gramm_1976.pdf	253	Where is the principle of this supposed imitation? Of what harmony is it the sign? And what		
Derrida_Of_Gramm_1976.pdf	253	produce the croaking of frogs, he will have to have them sing. For it is not enough to imitate		
Derrida_Of_Gramm_1976.pdf	254	them; he must do so touchingly and pleasantly. Otherwise, his tedious imitation is nothing,		
Derrida_Of_Gramm_1976.pdf	264	a transcription, the imitation of other signs; reproducing the signs, producing the signs of		
Derrida_Of_Gramm_1976.pdf	265	Like those of imitation—and for the same profound reasons—the value and operation of		
Derrida_Of_Gramm_1976.pdf	270	within the invisible and ethereal element of the spoken word, powerless to imitate the contact		
Derrida_Of_Gramm_1976.pdf	275	conclude that while visible signs can render a more exact imitation, sounds more effectively		
Derrida_Of_Gramm_1976.pdf	278	expressed or imitated without articulation. The “cry of nature” (second Discourse), the		
Derrida_Of_Gramm_1976.pdf	279	words would be imitative sounds or accents of passion, or effects of sense objects. It would		
Derrida_Of_Gramm_1976.pdf	305	our thoughts could not be imagined without imitating the first. In order then to supply the		
Derrida_Of_Gramm_1976.pdf	310	It is held between perception and reflection and is here called imitation. Let us italicize		
Derrida_Of_Gramm_1976.pdf	314	Like the first word, the first pictogram is therefore an image, both in the sense of imitative		
Derrida_Of_Gramm_1976.pdf	331	represented thing in its perfect imitation, and in the second, the self-presence of speech itself.		
Derrida_Of_Gramm_1976.pdf	384	“By reason, because harmony furnishes no imitation by which music, forming images, or		
Derrida_Of_Gramm_1976.pdf	384	expressing sentiments, may be raised to the dramatic or imitative genus, which is the most		
foucault_disciplineandpunish_1977.pdf	100	 ever imitate it; no one could take it as an example, or even feel		
foucault_disciplineandpunish_1977.pdf	101	quite ready to imitate. There is a scarcity of great crimes; on the		
foucault_disciplineandpunish_1977.pdf	101	having imitators.8 Punishment, then, will be an art o f effects; rather		
foucault_disciplineandpunish_1977.pdf	104	in its uncertainty? Rather than imitate the old system in this way		
foucault_disciplineandpunish_1977.pdf	131	tempted to imitate them, ‘but also to correct themselves and to		
foucault_disciplineandpunish_1977.pdf	146	repeat, or imitate one another, support one another, distinguish		
foucault_disciplineandpunish_1977.pdf	162	 the whole of Europe imitated after the victories of Frederick II	4 the	
foucault_disciplineandpunish_1977.pdf	219	 there being any imitation or copying), to map aptitudes, to assess		
foucault_disciplineandpunish_1977.pdf	278	which the convict exhorted the crowd never to imitate him, was		
foucault_disciplineandpunish_1977.pdf	318	the law, the punishments imitate the verdicts and penalties, the		
Foucault_Michel_Archaeology_of_Knowledge.pdf	152	in the same way) and imitative statements (which receive and repeat		
foucault_power_1978.pdf	6	not duplicate society, just as society does not imitate the      are a shelter for power, anchoring its prohibitions; but they		
Foucault_The-Order-of-Things.pdf	44	ity of the person seeing – despite all mirrors, reﬂections, imitations,		
Foucault_The-Order-of-Things.pdf	46	stems the secrets that were of use to man. Painting imitated space. And		
Foucault_The-Order-of-Things.pdf	49	   lation enables things to imitate one another from one end of the uni-		
Foucault_The-Order-of-Things.pdf	79	   model, and one that it imitates in the most servile way	 it is to be found	
Foucault_The-Order-of-Things.pdf	145	    alternatives of natural imitation and arbitrary convention. In that which		
Foucault_The-Order-of-Things.pdf	197	         stance is ﬂint inside. The form of a heart is imitated as perfectly as		
Foucault_The-Order-of-Things.pdf	343	    it does so not in so far as it is an imitation and duplication of things,		
Foucault_The-Order-of-Things.pdf	424	one ﬁnds oneself imitating the philosophical posture of the eighteenth		
Futurepublic_Info_Warfare_Bio-racism_Hegemony.pdf	11	  r, ‘there is simply nothing to identify with or imitate. . . . The alerts		
Gibson_animals_2002.pdf	1	  ing, imitation, speech, and gesture demand brain-size mediated neurological		
Gibson_animals_2002.pdf	1	uage, making complex tools, art, dance, mime, teaching and imitation. These		
Gibson_animals_2002.pdf	9	ntactic capacities, imitative capacities, and social intelligence (Gibson, 1990,		
Gibson_animals_2002.pdf	10	tions via teaching, language, demonstration, and imitation.		
Gibson_animals_2002.pdf	10	 in imitative and teaching domains (Byrne, 1995; Byrne and Russon, 1998), but they		
Gibson_animals_2002.pdf	12	eloped imitative skills by that time period (Mithen, 1999). Some argue that the		
grant_schelling_2006.pdf	70	   Heraclitean flux, a ‘bodily imitation of that which was to be expressed’, and in the VIIth		
grant_schelling_2006.pdf	167	     shape imitate the higher organic world. ‘The whole kindgom of metals’, he [Schubert]		
grant_schelling_2006.pdf	194	    If philosophy’s first construction is the imitation of an original, all its		
grant_schelling_2006.pdf	194	    constructions will likewise be merely such imitations. So long as the Ich		
kellner-bush2-2005.pdf	25	     20/20 and CBS’s West 57th Street and then 60 Minutes Two appeared, which imitated CBS’s		
Kelty-TwoBits_2008.pdf	27	tion of canons, the interplay of imitation and originality, and the		
Kelty-TwoBits_2008.pdf	201	effect	 their users, not knowing that they are using an imitation of	
Kelty-TwoBits_2008.pdf	201	urge everyone to refer to a nonextensible imitation of EMACS as an		
Kelty-TwoBits_2008.pdf	202	    modify it, instead of imitating it. For Stallman, this was not only		
Kelty-TwoBits_2008.pdf	204	    imitators refer to their versions of EMACS as ersatz EMACS, few		
Kelty-TwoBits_2008.pdf	204	    imitation, and then called it something else (EINE and ZWEI were		
Kelty-TwoBits_2008.pdf	204	    went on, EMACS was ported, forked, rewritten, copied, or imitated		
Kelty-TwoBits_2008.pdf	254	    ing, rewriting, and imitation. UNIX was not created de novo, but		
Kelty-TwoBits_2008.pdf	323	its thousands of versions and imitations and reimplementations.		
LatoourTARDE-CANDEA_2009.pdf	2	believing that this should be done through a superficial imitation of the natural		
LatoourTARDE-CANDEA_2009.pdf	3	       The paradox is that it is Durkheim who imitates the natural sciences while		
LatoourTARDE-CANDEA_2009.pdf	5	crimes imitate one another. They have to learn from one another, modus operandi		
LatoourTARDE-CANDEA_2009.pdf	5	1890.xi Nevertheless, it is important to understand that imitation is not an		
LatoourTARDE-CANDEA_2009.pdf	6	stabilized by imitation and made available in a new form, such as a code, a		
LatoourTARDE-CANDEA_2009.pdf	7	the individual agent to imitate others. What we observe either in individual		
LatoourTARDE-CANDEA_2009.pdf	15	viii 	 “Il en résulte que la contagion imitative de cette corporation antisociale	
LatoourTARDE-CANDEA_2009.pdf	15	x In Laws of imitation Tarde claims that the best way to detect those		
Latour-body-2004.pdf	13	 tific’ facts and imitated the great solidity of the natural sciences! The only		
Latour_critical_inquiry_2004.pdf	4	    existed; what is new in instant revisionism is how much scientiﬁc proof they claim to imitate.		
Latour_lepinay-TARDE-2008.pdf	6	« rayons imitatifs » dans son livre, LES LOIS DE L’IMITATION, qui va le rendre		
Latour_lepinay-TARDE-2008.pdf	20	          des inventions, et les lois de leurs imitations. Le progrès économique suppose deux		
Latour_lepinay-TARDE-2008.pdf	24	 par imitation de la génétique —science du « gène »— se réclame aussi de Tarde. Susan		
Latour_lepinay-TARDE-2008.pdf	33	41 C’est cet intérêt pour le contenu des imitations qui explique l’intérêt que certains cogniticiens		
Latour_Tarde_2010.pdf	2	believing that this should be done through a superficial imitation of the natural		
Latour_Tarde_2010.pdf	3	       The paradox is that it is Durkheim who imitates the natural sciences while		
Latour_Tarde_2010.pdf	5	crimes imitate one another. They have to learn from one another, modus operandi		
Latour_Tarde_2010.pdf	5	1890.xi Nevertheless, it is important to understand that imitation is not an		
Latour_Tarde_2010.pdf	6	stabilized by imitation and made available in a new form, such as a code, a		
Latour_Tarde_2010.pdf	7	the individual agent to imitate others. What we observe either in individual		
Latour_Tarde_2010.pdf	15	viii 	 “Il en résulte que la contagion imitative de cette corporation antisociale	
Latour_Tarde_2010.pdf	15	x In Laws of imitation Tarde claims that the best way to detect those		
Latour_war_2002.pdf	7	alism or voluntarily imitating a cultural model, but   tasted, nor could they provide any truly human signi-		
Latour_war_2002.pdf	26	first presentation is not negotiable and to oppose it is representative democracy—even if imitation often		
latour_why_has_critique_2004.pdf	5	  existed; what is new in instant revisionism is how much scientiﬁc proof they claim to imitate.		
lazzarato_biopolitics.pdf	15	schools, the education that the students acquire on their own, by imitating each other, by		
lazzarato_videophil_2007.pdf	3	e, then the technologies that I am concerned with should imitate the		
lazzarato_videophil_2007.pdf	14	cause, although the technologies of time can only imitate these forms of		
lazzarato_videophil_2007.pdf	19	ies of time imitate the various syntheses (conservation, passage and		
lazzarato_videophil_2007.pdf	20	oduction of synthesis-images imitate in the most ‘faithful’ way ‘the circuit’		
Leach_Tarde_2010.pdf	4	                  gists study. His focus on imitation and repetition that might have effects in social		
Leach_Tarde_2010.pdf	4	                      successful imitations are numerous indeed, but how few are they in comparison		
Leach_Tarde_2010.pdf	4	                  ethnographer themselves. The imitations and innovations are to have their effect		
Leach_Tarde_2010.pdf	5	               they considered such activities distractions from the ‘work’ of imitation	 of ritually	
Leach_Tarde_2010.pdf	7	               moments as imitations, but specifically as imitations of cultural practices adopted		
Leach_Tarde_2010.pdf	7	               moments as imitations, but specifically as imitations of cultural practices adopted		
Leach_Tarde_2010.pdf	8	                  This reaffirms the more general point that imitation goes from the heart of things		
Leach_Tarde_2010.pdf	8	                  to the outer trappings, because imitation for Tarde is inter-subjectivity and not just		
Leach_Tarde_2010.pdf	10	                  influencing them, we looked at the everyday minute interactions in which imitation		
Leach_Tarde_2010.pdf	10	                  played a large role – imitation by newer and less well-known programmers of the		
Leach_Tarde_2010.pdf	11	               understandings or principles that guide action because of imitation and precedent,		
Leach_Tarde_2010.pdf	11	               also, that we had hit on some of the behaviours being imitated in the actions of		
Leach_Tarde_2010.pdf	13	                  Back to Tarde then	 he says we must focus on the moments of imitation and dif-	
Leach_Tarde_2010.pdf	13	               what it is that people are doing in their imitations and differences from one another,		
Leach_Tarde_2010.pdf	14	                  took up the Tardian emphasis on two core elements of social life, imitation and		
Lee_peoples_publics.pdf	18	               imitates Life, Time, L’Express, and Der Spiegel, while ai yue (Philharmonic), the		
Lepin_tarde_vibration_2007.pdf	5	                                                                         imitative rays in the associated brains and that it is really there, the		
Lepin_tarde_vibration_2007.pdf	6	                                                                       of encounters and interferences of imitative rays to use Tarde’s terms. To		
Lepin_tarde_vibration_2007.pdf	12	                                                                         Labour is a continuous stream of imitation, a periodic series of acts tied		
Lepin_tarde_vibration_2007.pdf	13	                                                                         is imitation and reproduction in economic work [ . . .] Finality is essential to		
lury_topology_Theory_Culture_Society-2012-Lury-3-35.pdf	18	fuse, diﬀerential processes of imitation and invention. More geometrico,		
mackenzie_black_scholes.pdf	30	‘reality will eventually imitate theory’ (Merton, 1992	 470; see Merton,	
Manovich_digital_humanities_2012.pdf	66	                  is able to re-create and imitate other formats. But it also allows content to be		
manovich_softbook_11_20_2008.pdf	31	documents which imitate paper. (And even at the		
manovich_softbook_11_20_2008.pdf	33	computers imitate older media. By developing easy		
manovich_softbook_11_20_2008.pdf	35	contemporary computational media imitates other		
manovich_softbook_11_20_2008.pdf	35	Neumann about computers imitating other media		
manovich_softbook_11_20_2008.pdf	37	does imitate in appearance traditional photography.		
manovich_softbook_11_20_2008.pdf	42	another article, his idea was not to simply imitate		
manovich_softbook_11_20_2008.pdf	63	medium is invented, it first closely imitates already		
manovich_softbook_11_20_2008.pdf	63	Guttenberg closely imitated the look of the		
manovich_softbook_11_20_2008.pdf	64	from an imitation of older media to finding its own		
manovich_softbook_11_20_2008.pdf	147	created to imitate work with different physical media		
manovich_softbook_11_20_2008.pdf	187	time. Driven less by the desire to imitate vernacular		
manovich_softbook_11_20_2008.pdf	228	passionately imitating it. That is, they now make		
marx_Capital-Volume-I.pdf	12	remained mere schoolboys, imitators and followers, petty retailers and hawkers in the service of		
marx_Capital-Volume-I.pdf	351	the Basedows and their modern imitators) ―leaves the children‘s minds silly,‖ (―Proposals for Raising		
marx_Capital-Volume-I.pdf	398	necessary, and he is far away from imitating those brutal South Americans, who force their		
Massumi_Fear_(the_Spectrum_Said)_-_Positions.pdf	2	                        people began to act similarly, as in social imitation of each other, or of a		
Massumi_Fear_(the_Spectrum_Said)_-_Positions.pdf	2	                           There was simply nothing to identify with or imitate. The alerts presented		
Massumi_Fear_(the_Spectrum_Said)_-_Positions.pdf	4	                        as an activation contour lacking deﬁnite content or imitable form meant		
mills_cybernetic_hearing_2011.pdf	28	                      because it was already “possible to make machinery to imitate any small		
Mills_Intell_Craft.pdf	10	who use it believe they are imitating `physical science,' and are not aware that much of that prose is not altogether necessary. It		
mitchell-no-visual-media2005.pdf	3	the moment the fact that a painter can do an excellent job of imitating the		
mitchell-no-visual-media2005.pdf	3	niques can, similarly, imitate the painterly surface and sfumato of a painter.)		
Myers_animating_mech_2006PublishedSS.pdf	17	biomolecules become intelligible, ma-          both an element of copy or imitation, as		
Myers_animating_mech_2006PublishedSS.pdf	17	ity”, in which movement, sensation and         imitate, make models, explore differ-		
nettime-software.pdf	10	                             The semantic search engines imitate this accumulation by typifying con-		
nettime-work.pdf	6	                          Tarde, every activity is a combination of imitative and inventive labor, but		
noble_postmodern-prog-CS-TR-02-9.pdf	21	of imitators	 many mediocre, some less so, none as successful as the original,	
Norris_Diagonals_2012.pdf	30	 deceptive, or imitation speech-acts—by applying a strict		
OA_Version_Speculative_Turn_9780980668346.pdf	139	lemma with the hope for a god that would be ‘desirable, lovable, worthy of imitation’		
OA_Version_Speculative_Turn_9780980668346.pdf	335	             existences77 or pseudo-realities are real; but false in that they formally imitate the status of		
OA_Version_Speculative_Turn_9780980668346.pdf	351	sion, imitation, concurrence, juxtaposition, or identification. The theoretical domina-		
OA_Version_Speculative_Turn_9780980668346.pdf	374	ical foundation capable of preventing it. Far from imitating the flight of birds, the		
OA_Version_Speculative_Turn_9780980668346.pdf	414	tions? Richerson and Boyd argue that between group imitation can also be a factor		
osborne-creativity-2003.pdf	5	ativity as such but imitation. ‘Imitators imitate one another, and that’s		
osborne-creativity-2003.pdf	5	ativity as such but imitation. ‘Imitators imitate one another, and that’s		
osborne-creativity-2003.pdf	6	 ome unknown’ (Deleuze and Parnet 1987	 45). Those who imitate are those	
osborne-creativity-2003.pdf	6	 manent imitation – production for the sake of production, ‘ideas’ for the sake		
osborne-creativity-2003.pdf	13	ents of mere imitation – but he is still happy to invoke, in the name of		
Osborne_what_is_problem_2003.pdf	14	im of history was to invoke differences not possibilities of imitation. As Paul		
pang_counterfeit_china_2008.pdf	4	ment. However, it was a poor imitation of the American action, as the		
parikka_ephemera_2007.pdf	6	According to the idea, culture is based on copying and imitation, which are governed by		
parikka_ephemera_2007.pdf	9	spread and evolve via imitation.		
parikka_ephemera_2007.pdf	13	     epidemic social relations, working via imitation and repetition. See Tarde, G. (2000) Social Laws	 An	
parikka_ephemera_2007.pdf	13	     imitation’, Journal of Memetics	 Evolutionary Models of Information Transmission, 4 [http	//jom-
parikka_ephemera_2007.pdf	14	Turing machine as an imitation machine. The Turing Machine, the formal model of		
priestley_science_operations_2011.pdf	155	memory as “absolutely general in the sense that it could be made to imitate any		
priestley_science_operations_2011.pdf	195	the machine, or as a way of making the machine imitate another machine which		
protevi_review_Deleuze_social_2009.pdf	3	invention  and  imitation  at  the  level  of  “brains”),  the  society  of  control  captures  and 		
Riskin_-_Duck.pdf	4	anism and the imitation in seventeenth- and early eighteenth-century au-		
Riskin_-_Duck.pdf	4	and the imitative ﬁgures all on top. But, even in cases where the mechanism		
Riskin_-_Duck.pdf	4	    By the late eighteenth century, automata were imitative internally as well		
Riskin_-_Duck.pdf	8	living things. By imitating the stuﬀ of life, automaton makers were once		
Riskin_-_Duck.pdf	11	rounded by plenty of genuine imitation. Vaucanson was intent on making		
Riskin_-_Duck.pdf	11	over four hundred articulated pieces, imitating every bump on every bone		
Riskin_-_Duck.pdf	12	important, was his organizing assumption that the imitation of life’s inner		
Riskin_-_Duck.pdf	12	Condorcet did not believe in the digestive part of the imitation, but he wrote		
Riskin_-_Duck.pdf	17	of sound in the ﬂute “by imitating the same Mechanism in an Automa-		
Riskin_-_Duck.pdf	17	the ﬂute was a deliberately unlikely choice for a mechanical imitation. Vau-		
Riskin_-_Duck.pdf	18	player made manifest both the constraints upon mechanical imitation and		
Riskin_-_Duck.pdf	18	one could imitate mechanically. The pipe, unlike the ﬂute, had a ﬁxed ap-		
Riskin_-_Duck.pdf	19	automata to gauge the limits of the mechanical imitation of life, and in the		
Riskin_-_Duck.pdf	19	be imitable.” The result was a contraption consisting of a resonating box		
Riskin_-_Duck.pdf	28	for the sake of imitation and experimentation, such as Kempelen’s talking		
Riskin_-_Duck.pdf	34	“vital functions that mechanics [could] imitate” were respiration and di-		
Riskin_-_Duck.pdf	34	    70. J. A. Borgnis, Des machines imitatives et théatrales, vol. 8 of Traité complet de mécanique		
Riskin_-_Duck.pdf	35	build multiply imitative automata that would “fulﬁl the thousand services		
RP_156.pdf	13	painting can only imitate by artistic means.                ible in his work, like God in his creation. But it would		
sedgwick_ek_shame_fold_1995.pdf	5	     imitate me, we can enjoy each other. [AIC, 1	411-12]	
shaviro-erotic-machines.pdf	4	        expressionism and lm noir for colour  lm; he and all his imitators in science  ction		
space_and_culture2979.pdf	38	ishes, imitation cast iron atria, and bountiful displays of commodities. The emphasis		
space_and_culture2979.pdf	39	       nized and much imitated architectural style that has become a part of the urban and		
staeheli_lists_2013.pdf	12	                                                                        produce more lists. We can use Gabriel Tarde’s theory of imitation for understanding		
staeheli_lists_2013.pdf	12	                                                                        the contagious nature of list-making. Lists themselves are imitated. They are not		
sterne-bourdieu-technology.pdf	14	   imitations; they vary especially between societies, educations, proprieties		
sterne-sound.pdf	2	    on imitations of the mouth to imitations of the ear. Through the  gure of the ear		
sterne-sound.pdf	2	    on imitations of the mouth to imitations of the ear. Through the  gure of the ear		
sterne-sound.pdf	6	    simply understood to imitate sound but were themselves understood by their		
sterne-sound.pdf	6	    inventors and early users as an imitation of the process of hearing. Not only were		
sterne-sound.pdf	7	partially imitating the processes of the human ear. Like the ear, this machine		
sterne-sound.pdf	7	4). This imitation of the ear was not lost on other inventors. Bell and Blake’s 1874		
sterne-sound.pdf	12	    sought to better imitate that ear function. When he conveyed this idea to his		
sterne-sound.pdf	18	    preserve or imitate sound (even the simplest instruction books for early tele-		
sterne-sound.pdf	18	    imitate speech that imitated the processes by which sound is produced. Later		
sterne-sound.pdf	19	       was certainly nothing else but Mathematical Inventions framed in imitation		
sterne-sound.pdf	19	experiments with an imitation of the mouth is instructive.		
sterne-sound.pdf	21	graph and automata; between machines that imitate sound and machines that		
sterne-sound.pdf	21	      The automaton and the diaphragm effect the imitation of sound through two		
sterne-sound.pdf	23	this notion of the imitation of the ear, and speci cally around machines that used		
sterne-sound.pdf	23	teenth century innovation, its central thread – the diaphragm and the imitation		
sterne-sound.pdf	23	takes the imitation of the human ear quite literally in his account. Commenting		
sterne-sound.pdf	26	    sound technologies were at once supplements to, imitations of, and replacements		
sterne-sound.pdf	26	    connects ear to machine through analogy, imitation, or thumbscrews. This con-		
sterne-sound.pdf	28	    same is true with the tympanic diagram	 it begins as an imitation of the human	
sterne-sound.pdf	28	    quickly turn away from literal imitations of the human ear, since, for instance,		
stewart_cultural_poesis.pdf	5	           the letter, pushing it to the point of imitation or		
stiegler-technics-2003.pdf	5	condemned in the Republic as mere imitators           temporality, I call this becoming [le devenir].		
strathern-1995.pdf	7	transported from Los Angeles to Tokyo, in turn, is neither imitation nor reproduction		
streeter-romantic-self-internet.pdf	6	r-function, to draw the line between original works and ideas and imitative		
tarde_les_lois_sociales.pdf	19	qu'il consiste toujours, originairement en une imitation de l'une par l'autre. Mais il		
tarde_les_lois_sociales.pdf	20	     Ainsi, le caractère constant d'un fait social, quel qu'il soit, est bien d'être imitatif.		
tarde_les_lois_sociales.pdf	20	     Mais il ne suffit point de reconnaître ce caractère imitatif de tout phénomène		
tarde_les_lois_sociales.pdf	20	     même homme, imitation interne que j'avais déjà moi-même appelée habitude, et qui, évidemment,		
tarde_les_lois_sociales.pdf	21	tradition, imitation des ancêtres, exercent une pression si souvent tyrannique, encore		
tarde_les_lois_sociales.pdf	25	l'attraction prêtée à ces imitations d'homme à homme, qui donnent l'explication analy-		
tarde_les_lois_sociales.pdf	25	qui régissent la répétition imitative et qui sont à la sociologie ce que les lois de		
tarde_les_lois_sociales.pdf	26	s'agit a trouvé à se satisfaire par cette répétition imitative, qui évite à leur paresse		
tarde_les_lois_sociales.pdf	26	rence de rayonnements imitatifs a lieu en lui, de rayonnements imitatifs qui, à partir		
tarde_les_lois_sociales.pdf	27	l'opposition sociale. -Ajoutons que les interférences des rayonnements imitatifs ne		
tarde_les_lois_sociales.pdf	37	il faut que cette négation - non pas adoptée imitativement, mais au contraire repous-		
tarde_les_lois_sociales.pdf	37	préférable à l'autre dans la circonstance donnée 	 ici ce sont deux rayons imitatifs qui	
tarde_les_lois_sociales.pdf	37	encore une fois, un rayon imitatif; la totalité de rayons de ce genre qui s'échappent		
tarde_les_lois_sociales.pdf	38	il n'y a qu'un seul rayon imitatif, qui, par son maître d'école, le rattache à Galilée.		
tarde_les_lois_sociales.pdf	38	propage ni ne tend à se propager imitativement chez ses proches ; dans ce cas, le		
tarde_les_lois_sociales.pdf	39	de se répandre imitativement. S'il en était autrement, il faudrait dire qu'il n'y a rien de		
tarde_les_lois_sociales.pdf	40	raréfaction graduelle. Par suite du rayonnement imitatif, en effet, qui travaille inces-		
tarde_les_lois_sociales.pdf	41	rayonnement imitatif - fluviatile, puis méditerranéenne, la civilisation devient océani-		
tarde_les_lois_sociales.pdf	47	dé industriel, etc., tendent à se propager géométriquement par répétition imitative,		
tarde_les_lois_sociales.pdf	47	répand et se fortifie et tend par la rencontre de l'un de ses rayons imitatifs avec un		
tarde_les_lois_sociales.pdf	47	propagation imitative de l'état d'harmonie à la fois interne et externe réalisé par		
tarde_les_lois_sociales.pdf	48	j'extrais cette citation, il étend le mot imitation bien au-delà de l'acceptation que je lui		
tarde_les_lois_sociales.pdf	49	répétitions circulaires, que nous nommons imitation, est un type fondamental,		
tarde_les_lois_sociales.pdf	52	ou imitation), comme l'opposition avec soi (hésitation, doute) diffère de l'opposition		
tarde_les_lois_sociales.pdf	57	gressif ne doit pas s'entendre ici de la tendance à la diffusion imitative d'une invention		
tarde_les_lois_sociales.pdf	57	production par lesquels elle y répond, se propagent par imitation au-delà de la région,		
tarde_les_lois_sociales.pdf	58	le progrès d'une invention en extension par sa propagation imitative, et son progrès en		
tarde_les_lois_sociales.pdf	58	progressions, la progression imitative, uniformisante, et la progression inventive,		
tarde_les_lois_sociales.pdf	59	entre deux rayonnements imitatifs, quelle qu'elle soit, elle est toujours transparente		
tarde_les_lois_sociales.pdf	63	son rayonnement imitatif dans sa sphère plus ou moins bornée, mais qui suffit à		
tarde_les_lois_sociales.pdf	64	impériosité actuelle s'est établie, le tout par propagation imitative. Il en est de même		
tarde_les_lois_sociales.pdf	67	répétition héréditaire et habituelle du monde vivant, ou de la répétition imitative du		
tarde_les_lois_sociales.pdf	67	ou se produit, par une interférence de rayons imitatifs venus du dehors, une contradic-		
tarde_les_lois_sociales.pdf	68	élémentaire est le fait individuel du premier imitateur, point de départ d'une immense		
tarde_les_lois_sociales.pdf	68	rence heureuse de deux imitations, dans un seul esprit d'abord ; et la tendance de cette		
tarde_les_lois_sociales.pdf	68	dant, mais encore de s'accoupler logiquement, grâce à cette diffusion imitative, avec		
tarde_logique_sociale_part_1.pdf	4	Langues, chose éminemment imitative et logique. Leur évolution multilinéaire. Qua-		
tarde_logique_sociale_part_1.pdf	5	Religion, comme langue, chose imitative et logique. Le sentiment générateur. Sa		
tarde_logique_sociale_part_1.pdf	5	confondre l'invention dans le travail, qui est tout imitation. Différences radicales entre		
tarde_logique_sociale_part_1.pdf	10	de modèles en un mot, objets de son imitation spontanée ou obligatoire, consciente ou		
tarde_logique_sociale_part_1.pdf	10	haineuse, admirative ou envieuse, mais de son imitation toujours. C'est la pierre de		
tarde_logique_sociale_part_1.pdf	63	diffusion imitative des idées et d'équilibration ascendante des croyances. Ceux que la		
tarde_logique_sociale_part_1.pdf	63	scientes, la foule des imitateurs est une espèce de somnambule, pendant que, par son		
tarde_logique_sociale_part_1.pdf	77	de cet homme et la crédulité imitative de ses semblables. L'objet auquel la vision de		
tarde_logique_sociale_part_1.pdf	89	     créations. L'orgueil précède la gloire, qui n'est que son rayonnement imitatif en quelque sorte.		
tarde_logique_sociale_part_1.pdf	92	(ou sans notoriété, petite ou grande), point d'imitation, et, sans imitation, point de		
tarde_logique_sociale_part_1.pdf	94	sivement célèbres, mais surtout entre les diverses imitations prolongées dont chacune		
tarde_logique_sociale_part_1.pdf	122	ques, linguistiques, quelconques, toutes nées de contagions imitatives opérées confor-		
tarde_logique_sociale_part_1.pdf	123	États, le recul des frontières, facilite l'expansion imitative de ces inventions élémen-		
tarde_logique_sociale_part_1.pdf	125	d'émancipation croissante, masques d'une croissante imitation mutuelle, et qu'en		
tarde_logique_sociale_part_1.pdf	126	plus efficace que celle des imitations, c'est-à-dire des inventions en tant qu'imitées.		
tarde_logique_sociale_part_1.pdf	127	jours plus ou moins inattendus. Ajoutons que, très fréquemment, les imitations		
tarde_lois_imitation_1.pdf	4	         universelle	 ondulation, génération, imitation. Science sociale et philosophie	
tarde_lois_imitation_1.pdf	4	         sans imitation ? Preuves du contraire 57-65		
tarde_lois_imitation_1.pdf	5	         exclusivement des éditions imitatives, tirées de chaque invention ancienne		
tarde_lois_imitation_1.pdf	9	est de fonctionner à l'imitativité généralisée ; imitativité à laquelle notre époque		
tarde_lois_imitation_1.pdf	10	     On m'a reproché çà et là « d'avoir souvent appelé imitation des faits auxquels ce		
tarde_lois_imitation_1.pdf	10	profonde des choses -la signification du mot imitation.		
tarde_lois_imitation_1.pdf	11	changerait essentiellement de nature ? - J'entends par imitation toute empreinte de		
tarde_lois_imitation_1.pdf	11	êtres vivants, il y a imitation en ce sens (soit de l'un par l'autre, soit d'autres par les		
tarde_lois_imitation_1.pdf	11	ancestrale, par éducation domestique, par imitation-coutume.		
tarde_lois_imitation_1.pdf	12	est d'être imitatif, est-ce dire, comme certains lecteurs superficiels ont paru le croire,		
tarde_lois_imitation_1.pdf	13	de gens qui présentent entre eux beaucoup de similitudes produites par imitation ou		
tarde_lois_imitation_1.pdf	13	de plus imitatif que de lutter contre son propre penchant à suivre ce courant et		
tarde_lois_imitation_1.pdf	13	adversaires. Distinguons bien entre la propagation imitative des questions et celle des		
tarde_lois_imitation_1.pdf	14	nous leur étions supérieurs, ils ont cessé d'arrêter le rayonnement imitatif de notre		
tarde_lois_imitation_1.pdf	15	autre milieu ethnique le rayonnement imitatif se réfracte; et j'ajoute que cette réfrac-		
tarde_lois_imitation_1.pdf	15	groupe social, est à la fois imitatif et héréditaire. En second lieu, l'invention, d'où je		
tarde_lois_imitation_1.pdf	20	génération, imitation. Science sociale et philosophie sociale. Sociétés animale		
tarde_lois_imitation_1.pdf	21	tendent à s'y propager par imitation forcée ou spontanée, élective ou inconsciente,		
tarde_lois_imitation_1.pdf	21	Tout n'est socialement qu'inventions et imitations, et celles-ci sont les fleuves dont		
tarde_lois_imitation_1.pdf	22	     main-forte. La contagion imitative fait le reste.		
tarde_lois_imitation_1.pdf	24	     Toute répétition, sociale, organique ou physique, n'importe, c'est-à-dire imitative,		
tarde_lois_imitation_1.pdf	26	que social, est imitateur par essence, et que l'imitation joue dans les sociétés un rôle		
tarde_lois_imitation_1.pdf	28	social, sont le fruit direct ou indirect de l'imitation sous toutes ses formes, imitation-		
tarde_lois_imitation_1.pdf	28	coutume ou imitation-mode, imitation-sympathie ou imitation-obéissance, imitation-		
tarde_lois_imitation_1.pdf	29	une imitation, il s'ensuit que, dans l'hypothèse où nul mouvement ne serait ni n'aurait		
tarde_lois_imitation_1.pdf	30	dialecte local, à l'usage de quelques familles, devient peu à peu, par imitation, un		
tarde_lois_imitation_1.pdf	31	parler; étant donné qu'il y a aujourd'hui tels foyers de rayonnements imitatifs et qu'ils		
tarde_lois_imitation_1.pdf	32	réelle à une époque donnée se composent non des rayonnements imitatifs nécessaire-		
tarde_lois_imitation_1.pdf	32	    Comme exemples à l'appui de la progression géométrique des imitations, je		
tarde_lois_imitation_1.pdf	32	sur celle du grand Génois, et a eu à son tour des imitateurs.		
tarde_lois_imitation_1.pdf	34	     Indiquons maintenant un nouvel ordre d'analogies. Les imitations (mots d'une		
tarde_lois_imitation_1.pdf	35	santes en une contagion imitative. Il y a eu, dans ce cas, augmentation de force de		
tarde_lois_imitation_1.pdf	37	force imitateurs. N'est-il pas vrai que, à partir de cette perspective inespérée, il a senti		
tarde_lois_imitation_1.pdf	39	social, d'un puissant entraînement imitatif, ces mêmes phénomènes, toujours les		
tarde_lois_imitation_1.pdf	40	leur étouffement, par l'épanouissement imitatif illimité d'une pensée unique, d'une		
tarde_lois_imitation_1.pdf	40	retrouvé, on l'imprime, on s'en inspire 	 imitation posthume qui n'aurait pas eu lieu si	
tarde_lois_imitation_1.pdf	46	commencé à se répandre par imitation, ont mis leurs imitateurs en goût de découvrir		
tarde_lois_imitation_1.pdf	46	commencé à se répandre par imitation, ont mis leurs imitateurs en goût de découvrir		
tarde_lois_imitation_1.pdf	47	et c'est elle, c'est sa propagation par imitation, qui est la vraie cause, la condition sine		
tarde_lois_imitation_1.pdf	47	propagation, nous devons voir dans cette idée de génie le croisement d'une imitation		
tarde_lois_imitation_1.pdf	48	pour éléments des imitations antérieures, sauf quelques apports extérieurs inféconds		
tarde_lois_imitation_1.pdf	48	suivant la direction et l'étendue du rayon de son imitation à travers des populations		
tarde_lois_imitation_1.pdf	49	par imitation, sa domestication s'est répandue. Mais ce qui est vrai de ce quadrupède		
tarde_lois_imitation_1.pdf	49	suggestion imitative? Même question relativement à l'idée de tailler des silex ou de		
tarde_lois_imitation_1.pdf	49	ces idées par une lente et graduelle imitation qui aurait fini par couvrir presque tout le		
tarde_lois_imitation_1.pdf	49	     encore, dans le même article, ce qui a trait à la diffusion imitative, si étendue, de la croix gammée		
tarde_lois_imitation_1.pdf	50	ou belle. En voici un exemple. Comment, si ce n'est pas imitation, ce grotesque usage		
tarde_lois_imitation_1.pdf	51	commun, et, par suite, des similitudes croissantes, même sans imitation ? Preuves du contraire.		
tarde_lois_imitation_1.pdf	58	on a compris qu'il fallait les assimiler par contagion imitative aux membres de la		
tarde_lois_imitation_1.pdf	58	étroites formées par l'éducation, l'une des formes de la transmission imitative. Voilà		
tarde_lois_imitation_1.pdf	58	distincts d'inventions imitativement rayonnantes dans leur sphère propre, mais il n'y a		
tarde_lois_imitation_1.pdf	59	vement social, mais pourquoi ? Parce qu'elle suppose la similitude par imitation. Et		
tarde_lois_imitation_1.pdf	60	nations tendent à une assimilation imitative beaucoup plus grande, beaucoup plus		
tarde_lois_imitation_1.pdf	61	à mesure que d'autres traits communs se joignent à celui-là, tous d'origine imitative.		
tarde_lois_imitation_1.pdf	64	tendances, d'idées qui se propagent imitativement par des voies différentes, mais se		
tarde_lois_imitation_1.pdf	65	générative ou imitative, est le but.		
tarde_lois_imitation_1.pdf	66	mutuellement. Leur rapport n'était point économique, utilitaire, mais imitatif et social,		
tarde_lois_imitation_1.pdf	66	dire toujours, suppose une sorte d'habitude, une imitation inconsciente de soi-même		
tarde_lois_imitation_1.pdf	68	moins imitatifs en un mot, que nos ancêtres. C'est une erreur, et nous aurons à la		
tarde_lois_imitation_1.pdf	68	ne puisse arriver à lire inconsciemment dans l'esprit par une imitation inconsciente de		
tarde_lois_imitation_1.pdf	69	à nous révéler la passivité imitative de l'être social, en tant que social, c'est-à-dire en		
tarde_lois_imitation_1.pdf	71	Nullement, il devient plus admiratif, plus imitatif que jamais, soumis à l'ascendant ou		
tarde_lois_imitation_1.pdf	72	pas aussi par imitation? Supposez un somnambule qui pousse l'imitation de son		
tarde_lois_imitation_1.pdf	73	qu'être social, c'est donc avant tout être imitatif. Pour innover, pour découvrir, pour		
tarde_lois_imitation_1.pdf	76	propagées par imitation à partir d'un inventeur presque toujours ignoré, multiples		
tarde_lois_imitation_1.pdf	77	opposé, par des inventions non imitables et d'une utilité momentanée, à un ensemble		
tarde_lois_imitation_1.pdf	77	d'inventions indéfiniment imitables et utiles. Quant à susciter directement celles-ci,		
tarde_lois_imitation_1.pdf	77	Parmi les inventions qui s'offrent à son imitation, parmi les découvertes ou idées		
tarde_lois_imitation_1.pdf	78	On voit ainsi les imitations, comme les inventions, s'enchaîner successivement,		
tarde_lois_imitation_1.pdf	79	cantonné dans ses traditions et ses coutumes locales, beaucoup plus imitatif du dehors		
tarde_lois_imitation_1.pdf	81	faveur de la consanguinité et révèle seulement une contagion imitative.		
tarde_lois_imitation_1.pdf	83	éditions imitatives, tirées de chaque invention ancienne ou récente. Analogies et différences		
tarde_lois_imitation_1.pdf	83	des éditions imitatives qu'on en fait ? Seulement l'une traite d'inventions pour la		
tarde_lois_imitation_1.pdf	84	l'aryaque, ou à leur sœur aînée, le sanscrit ; elle remonte péniblement des imitations à		
tarde_lois_imitation_1.pdf	85	force exceptions, ont trait à une progression imitative.		
tarde_lois_imitation_1.pdf	85	     Les imitations réalisées sont nombreuses, mais qu'est-ce auprès des imitations		
tarde_lois_imitation_1.pdf	86	de ses éditions imitatives sans fin, comme la philologie de chaque mot; une archéo-		
tarde_lois_imitation_1.pdf	88	prêtent ou s'opposent ces diverses propagations ou consolidations imitatives de		
tarde_lois_imitation_1.pdf	88	puissance imitative propre à chaque invention, dans un temps et un pays donnés ;		
tarde_lois_imitation_1.pdf	88	faiblement il est vrai, le grand courant imitatif qui porte les habitants des campagnes		
tarde_lois_imitation_1.pdf	91	Mais la propagation imitative de certaines inventions que l'on sait (chemins de fer,		
tarde_lois_imitation_1.pdf	91	    profondeur. Et, par la mutuelle action de ces deux imitations de soi et d'autrui, il n'est pas,		
tarde_lois_imitation_1.pdf	94	l'asservissement imitatif des masses à des fantaisies ou à des conceptions indivi-		
tarde_lois_imitation_1.pdf	94	autre est le désir social, imitatif et raisonné de devenir père. Le premier peut être		
tarde_lois_imitation_1.pdf	99	confluent heureux de deux grands courants imitatifs dont l'un a eu pour source Adam		
tarde_lois_imitation_1.pdf	99	cette époque, le rayonnement imitatif de cette invention est venu interférer en France		
tarde_lois_imitation_1.pdf	103	le progrès de la population ne fera qu'étendre leur clientèle imitatrice ; le progrès de la		
tarde_lois_imitation_1.pdf	104	pour effet d'imposer des conditions nouvelles à la propagation des imitations		
tarde_lois_imitation_1.pdf	104	vrai que, en somme, le destin des imitations est la seule chose qui intéresse l'histoire,		
tarde_lois_imitation_1.pdf	105	    La statistique nous fournit, pour chaque espèce de propagation imitative isolément		
tarde_lois_imitation_1.pdf	105	science, qui régissent toutes les imitations, et, dans ce but, il faut étudier séparément		
tarde_lois_imitation_1.pdf	106	principes déjà établis en lui (par imitation toujours). Ici, il n'y a en présence que des		
tarde_lois_imitation_1.pdf	107	inconnus par voie d'analogie, c'est-à-dire par imitation de soi ou d'autrui 1 ; et c'est		
tarde_lois_imitation_1.pdf	107	le modèle d'italicus, a été un inventeur sans le savoir, mais, en somme, il a été imitatif		
tarde_lois_imitation_1.pdf	107	renom ont créé de toutes pièces, par imitation servile du latin, des mots tels que		
tarde_lois_imitation_1.pdf	111	par imitation aussi que cette haute avidité gagne les intelligences dignes d'elle. Or, les		
tarde_lois_imitation_1.pdf	114	progrès linguistique s'opère toujours, par imitation d'abord, puis par lutte entre deux		
tarde_lois_imitation_1.pdf	121	la propagation même d'une imitation implique sa rencontre et sa lutte avec une autre.		
tarde_lois_imitation_1.pdf	131	invention se répand tranquillement par imitation, ce qui est le fait élémentaire des		
tarde_lois_imitation_1.pdf	131	puisqu'il n'y a que des imitations; mais, puisque ces évolutions, ces imitations, se		
tarde_lois_imitation_2.pdf	4	         universelle	 ondulation, génération, imitation. Science sociale et philosophie	
tarde_lois_imitation_2.pdf	4	         sans imitation ? Preuves du contraire		
tarde_lois_imitation_2.pdf	5	         exclusivement des éditions imitatives, tirées de chaque invention ancienne		
tarde_lois_imitation_2.pdf	9	modalités qui peuvent affecter une imitation quelconque, à savoir son exactitude ou		
tarde_lois_imitation_2.pdf	10	    insurmontable, l'accord en question n'étant possible que par voie de propagation imitative, et non		
tarde_lois_imitation_2.pdf	12	est transmise par imitation 	 avant d'imiter l'acte d'autrui, on commence par éprouver	
tarde_lois_imitation_2.pdf	12	    Cela dit sur les caractères intrinsèques des imitations, occupons-nous des		
tarde_lois_imitation_2.pdf	13	dans la moyenne des cas, à se transmettre par imitation. Cette transmissibilité, relative		
tarde_lois_imitation_2.pdf	13	     La soif n'est-elle pas plus contagieuse par imitation que ne l'est la faim ? Il me le		
tarde_lois_imitation_2.pdf	13	La fonction vocale est éminemment imitative, comme d'ailleurs toutes les fonctions		
tarde_lois_imitation_2.pdf	14	     Les fonctions des sens supérieurs sont plus transmissibles imitativement que		
tarde_lois_imitation_2.pdf	14	     Toutes les passions l'emportent en contagiosité imitative sur les simples appétits,		
tarde_lois_imitation_2.pdf	15	    Toutes les imitations où la logique n'entre pour rien rentrent dans ces deux		
tarde_lois_imitation_2.pdf	15	grandes catégories 	 crédulité et docilité, imitation des croyances et imitation des	
tarde_lois_imitation_2.pdf	17	     On remarquera que l'obéissance et la confiance, imitation intérieure du supérieur		
tarde_lois_imitation_2.pdf	22	une étiquette a dû s'établir, en se fortifiant de plus en plus à chaque imitation dont elle		
tarde_lois_imitation_2.pdf	23	seulement la loi de la propagation imitative de haut en bas, dont nous allons parler,		
tarde_lois_imitation_2.pdf	25	dira pas ici que cette imitation est une opération militaire en vue d'une revanche. C'est		
tarde_lois_imitation_2.pdf	26	il faudrait se garder de croire que la contagion imitative de la politesse et du luxe		
tarde_lois_imitation_2.pdf	28	1    Prévenons une objection. On peut nous opposer qu'en imitant les modes étrangères en fait de		
tarde_lois_imitation_2.pdf	33	    Il n'est pas jusqu'au progrès dans l'égalité qui ne se soit opéré par imitation, et par		
tarde_lois_imitation_2.pdf	34	imite le plus est lui-même imitateur à certains égards de quelques-uns de ses copistes.		
tarde_lois_imitation_2.pdf	34	    les rangs de la noblesse, d'où il est descendu ensuite, et peu à peu, par imitation, dans les rangs de		
tarde_lois_imitation_2.pdf	39	bénéficiaire, les petits vassaux du grand vassal, comme une édition nouvelle imitative		
tarde_lois_imitation_2.pdf	59	cannibalisme serait né originairement par imitation des usages de la chasse primitive,		
tarde_lois_imitation_2.pdf	66	principale raison d'être de faciliter la transmission par imitation des éléments de la		
tarde_lois_imitation_2.pdf	67	applicables, par imitation, à tous les peuples de la terre; le parti tory, au contraire,		
tarde_lois_imitation_2.pdf	68	    imitation libre, extérieure, les ayant d'ailleurs reçues nous-mêmes le plus souvent par imitation de		
tarde_lois_imitation_2.pdf	68	    imitation libre, extérieure, les ayant d'ailleurs reçues nous-mêmes le plus souvent par imitation de		
tarde_lois_imitation_2.pdf	72	par hérédité, mais encore et surtout par une propagation imitative qui a suivi celle-ci		
tarde_lois_imitation_2.pdf	72	dit Tocqueville. Il y a eu là imitation par mode ; et cette mode, assise et enracinée, est		
tarde_lois_imitation_2.pdf	76	et coutumier, c'est-à-dire féodal, du militarisme volontaire, imitatif du dehors et		
tarde_lois_imitation_2.pdf	81	     Eh bien, s'il est vrai que la disposition du public moderne à la libre imitation du		
tarde_lois_imitation_2.pdf	81	que, en France, cette uniformité s'est établie par la propagation imitative de la		
tarde_lois_imitation_2.pdf	88	armes ou des outils de silex, des poteries, etc., s'est propagée par imitation-mode sur		
tarde_lois_imitation_2.pdf	89	l'alternance des deux imitations s'applique à la fois à la propagation des actes		
tarde_lois_imitation_2.pdf	90	de libre imitation du dehors, qui se termine immanquablement par un retour au		
tarde_lois_imitation_2.pdf	90	conséquences en histoire 	 les désirs de consommation se communiquent par imitation	
tarde_lois_imitation_2.pdf	90	    ment canalisée, d'autres où elle s'épanche au dehors, et où les diverses imitations professionnelles		
tarde_lois_imitation_2.pdf	91	général, est non seulement imitatif, mais passif dans sa manière d'imiter. - Quoi qu'il		
tarde_lois_imitation_2.pdf	91	tous les peuples par imitation d'un voisin longtemps avant que ne leur fût venu le goût		
tarde_lois_imitation_2.pdf	91	nouvelle religion. - Semblablement, les peuples aiment, par imitation, la gloire		
tarde_lois_imitation_2.pdf	92	se prolonger indéfiniment. - La passivité imitative de l'homme a donc eu cet heureux		
tarde_lois_imitation_2.pdf	94	en Phénicie, en Grèce, à Babylone. Si elles s'étaient propagées, par imitation-mode,		
tarde_lois_imitation_2.pdf	97	un âge d'expansion imitative, quand tout l'archipel et toute l'Asie Mineure		
tarde_lois_imitation_2.pdf	97	suggérée. Puisque chaque invention est le foyer d'une imitation particulière qui en		
tarde_lois_imitation_2.pdf	98	eux-mêmes sont si imitateurs qu'il y a, à chaque époque, un courant d'inventions dans		
tarde_lois_imitation_2.pdf	101	1   C'est par imitation que les plébéiens de Rome se sont assimilés aux patriciens. D'après Vico, la		
tarde_lois_imitation_2.pdf	113	d'un imitateur quelconque sous la forme d'une croyance ou d'une aspiration, d'une		
tarde_lois_imitation_2.pdf	113	neuves, permettent aux races les plus inventives à la fois et les plus imitatives de		
tarde_lois_imitation_2.pdf	117	des nations civilisées quand elles se battent entre elles? Par la diffusion imitative,		
tarde_lois_imitation_2.pdf	120	d'établir. L'ordre des invention successives et l'ordre des imitations successives font		
tarde_lois_imitation_2.pdf	120	deux, bien que imitation signifie invention imitée. Les lois, en effet, qui régissent la		
tarde_lois_imitation_2.pdf	122	toutes ses fonctions imitatives, mais ne les ferait point rétroagir. - Nous lisons dans		
tarde_lois_imitation_2.pdf	124	une égalisation de plus en plus grande. Car l'assimilation imitative n'est que l'étoffe		
tarde_lois_imitation_2.pdf	125	    ment opérées par imitation d'un modèle prestigieux, qu'il s'agisse du prestige d'un conquérant ou		
tarde_lois_imitation_2.pdf	125	    conscient imitateur des Césars, est une crise génétique ; ces ténèbres sont « une aurore ». Tout lui		
tarde_lois_imitation_2.pdf	125	    qu'il en ait, soit qu'il n'en ait pas conscience, soit qu'il cède à un entraînement dit imitatif, soit qu'il		
tarde_lois_imitation_2.pdf	126	    complication sociale, de mutuelle imitation harmonieuse. Mais, même sans la conquête de Rome,		
tarde_Monadologie_et_socio.pdf	52	condensation a-t-il diminué ? Non, ses imitateurs ne sont pas ses rivaux seule-		
tarde_Opposition_universelle.pdf	5	rationnel. Lois de leur propagation imitative. - V. Subordination de l'ordre au progrès,		
tarde_Opposition_universelle.pdf	5	ment un nombre donné de similitudes imitatives, spirituelles, fussent-elles simple-		
tarde_Opposition_universelle.pdf	6	sympathie imitative. - III. Le problème religieux. Guyau et l'Irréligion de l'avenir.		
tarde_Opposition_universelle.pdf	29	répandent ensuite de tous côtés en rayonnement imitatif. On voit que la vie et		
tarde_Opposition_universelle.pdf	36	lation ou gravitation, génération, imitation, - deviendrait impossible, et, avec		
tarde_Opposition_universelle.pdf	48	vidus par imitation rayonnante de modèles communs multiplie les exemplaires		
tarde_Opposition_universelle.pdf	48	de ces éditions imitatives en tout genre d'idée ou d'action, de consommations		
tarde_Opposition_universelle.pdf	53	et à refaire. J'ai remarqué ailleurs que le travail est essentiellement imitation,		
tarde_Opposition_universelle.pdf	56	     les répétitions physiques. Pour moi, le rayonnement imitatif qui d'un coin de peuplade a		
tarde_Opposition_universelle.pdf	57	répète (par ondulation, par hérédité, par imitation, ou par les trois procédés à		
tarde_Opposition_universelle.pdf	74	la main droite pour la couture, ce n'est point certainement par imitation de la		
tarde_Opposition_universelle.pdf	122	ment de tout contact et de tout emprunt imitatifs, certaines conceptions		
tarde_Opposition_universelle.pdf	125	maladive si elle ne s'expliquait par la même contagion imitative. Il en est de		
tarde_Opposition_universelle.pdf	127	mutuelle de leurs exemples, et s'il est vrai que cette assimilation imitative est		
tarde_Opposition_universelle.pdf	128	c'est en imitant les voisins qu'ils admirent ou en se gardant d'imiter les voisins		
tarde_Opposition_universelle.pdf	131	tendance physiologique à la répétition imitative des mouvements, des gestes		
tarde_Opposition_universelle.pdf	150	té, les peuples sont initiateurs-nés ou imitateurs-nés de leurs voisins; ils peu-		
tarde_Opposition_universelle.pdf	150	vent être imitateurs d'idées quoiqu'initiateurs d'actes, comme les Romains, ou,		
tarde_Opposition_universelle.pdf	158	                 Variation, imitation, variation inverse 		
tarde_Opposition_universelle.pdf	165	vernement ancien n'eût suscité la conception, à la fois imitative et inventive,		
tarde_Opposition_universelle.pdf	171	qui favorisent la diffusion imitative des unes au détriment des autres, toutes		
tarde_Opposition_universelle.pdf	172	sées des individus ordinaires, imitatifs, présentant de faibles différences en		
tarde_Opposition_universelle.pdf	173	rayonnement imitatif de celles-ci se répand parmi les individualités dites		
tarde_Opposition_universelle.pdf	174	par l'extension imitative du champ social, en revanche les ressources mises à		
tarde_Opposition_universelle.pdf	176	l'addition, grâce à la propagation imitative, la combinaison, grâce à la logique.		
tarde_Opposition_universelle.pdf	176	états d'âme, pour que la propagation imitative de chacun de ces états devint		
tarde_Opposition_universelle.pdf	177	nomènes vivants, ou la sympathie 1, cause de la répétition imitative des actes		
tarde_Opposition_universelle.pdf	181	les procédés directs ou indirects à sa portée, la propagation imitative d'une		
tarde_Opposition_universelle.pdf	181	mauvaises pour décourager leurs imitateurs éventuels. À l'appui de cette		
tarde_Opposition_universelle.pdf	182	propagation imitative, année par année, de chaque production industrielle ou		
tarde_Opposition_universelle.pdf	186	nent son imitation, tend toujours à croître par elle-même, comme le besoin qui		
tarde_Opposition_universelle.pdf	186	    figurant toujours, au fond, des propagations imitatives, étaient la partie essentielle à		
tarde_Opposition_universelle.pdf	187	propagation imitative, les salaires, quand ils décroissent, décroissent bien		
tarde_Opposition_universelle.pdf	187	capitaux 	 ces causes, en définitive, se réduisent à des propagations imitatives,	
tarde_Opposition_universelle.pdf	187	    sion imitative, tout ou partie de leur domaine. Or, entre les phénomènes imitatifs,		
tarde_Opposition_universelle.pdf	188	toujours bien moins contagieuse que son imitation. Aussi je suis bien disposé		
tarde_Opposition_universelle.pdf	188	de la propagation imitative des inventions civilisatrices qui tendent à opérer le		
tarde_Opposition_universelle.pdf	193	où, imitativement, elle a fait son chemin longtemps avant d'éclater en émeu-		
tarde_Opposition_universelle.pdf	196	tenir grand compte de la diffusion imitative, dans le public consommateur, du		
tarde_Opposition_universelle.pdf	197	hier luxueux, demain vulgaire, descend imitativement, sympathiquement à		
tarde_Opposition_universelle.pdf	203	c'est que les agents de l'assimilation imitative des classes et des peuples, qui		
tarde_Opposition_universelle.pdf	210	sion imitative de la religion combinée avec celle de la langue, des usages, des		
tarde_Opposition_universelle.pdf	210	sés et crénelés entre états, elle a laissé le champ libre au rayonnement imitatif		
tarde_Opposition_universelle.pdf	215	grâce à la sympathie imitative, se répand contagieusement	 dans les esprits. Il	
tarde_psycho_economique_t1.pdf	4	   II.   Tendance de tout exemple au rayonnement imitatif. Expansivité		
tarde_psycho_economique_t1.pdf	13	             Tendance de tout exemple au rayonnement imitatif.		
tarde_psycho_economique_t1.pdf	14	j'appelle un rayonnement imitatif, - c'est-à-dire en un éventail indéfiniment		
tarde_psycho_economique_t1.pdf	14	allongé de rayons rattachant chaque imitateur, par une chaîne d'intermédiaires, au		
tarde_psycho_economique_t1.pdf	15	est visible que, sans une rencontre de rayons imitatifs différents dans un cerveau		
tarde_psycho_economique_t1.pdf	17	d'innombrables croisements, des interférences de rayons imitatifs dans des		
tarde_psycho_economique_t1.pdf	19	tendance à l'expansion imitative des exemples jugés bons, des idées jugées		
tarde_psycho_economique_t1.pdf	21	toujours, ni le plus souvent, d'une reproduction imitative, car, si, par exemple,		
tarde_psycho_economique_t1.pdf	21	sont imitatives. Les choses qui se répètent par imitation (mots d'une langue, rites		
tarde_psycho_economique_t1.pdf	21	remarque un grand nombre de similitudes non imitatives, approximatives. Or, de		
tarde_psycho_economique_t1.pdf	22	    Paris, de New-York. C'est là une répétition non imitative. Mais elle n'aurait pu avoir lieu, si en		
tarde_psycho_economique_t1.pdf	23	débouchés extérieurs, du rayonnement imitatif et expansif dont les foyers de la		
tarde_psycho_economique_t1.pdf	26	rayonnement imitatif, soit en fait d'institutions politiques, soit en fait de besoins,		
tarde_psycho_economique_t1.pdf	26	rayonner imitativement dans tous les sens, à l'Ouest, à l'Est, au Sud, au Nord. La		
tarde_psycho_economique_t1.pdf	33	sociale, n'est-ce pas l'invention, j'entends l'invention viable, imitable, qui		
tarde_psycho_economique_t1.pdf	41	c'est-à-dire les inventions et leurs imitations. Les lois de l'imitation comme les lois		
tarde_psycho_economique_t1.pdf	42	laissant expliquer par des emprunts et des imitations cachées si l'on fait des		
tarde_psycho_economique_t1.pdf	43	peuvent s'expliquer par une commune descendance imitative), sont attribuées en		
tarde_psycho_economique_t1.pdf	43	     expliquer la propagation imitative des superstitions dont il s'agit d'Italie en Gaule ou de Gaule		
tarde_psycho_economique_t1.pdf	44	j'établis entre les similitudes par imitation et les similitudes par nécessité logique.		
tarde_psycho_economique_t1.pdf	44	descendance imitative d'un même modèle est, en effet, l'équivalent social de la		
tarde_psycho_economique_t1.pdf	45	     Quant aux similitudes non par imitation mais par contrainte logique - ou		
tarde_psycho_economique_t1.pdf	49	sources de l'énergie imitative, qui sont les inventions et initiatives individuelles de		
tarde_psycho_economique_t1.pdf	49	l'énergie imitative, de la vitalité sociale des peuples, dès que leur génie inventif		
tarde_psycho_economique_t1.pdf	58	de légiférer ici consiste en imitations rayonnantes de proche en proche à partir		
tarde_psycho_economique_t1.pdf	58	d'initiatives individuelles, en rencontres de ces rayonnements imitatifs et en		
tarde_psycho_economique_t1.pdf	74	entend leur diffusion, ce qui suppose la propagation imitative du désir qu'on a de		
tarde_psycho_economique_t1.pdf	75	de la répétition imitative des besoins, des travaux, des intérêts et de leur		
tarde_psycho_economique_t1.pdf	75	par imitation avec la propagation des hommes eux-mêmes par génération, car le		
tarde_psycho_economique_t1.pdf	75	mais par rayonnement imitatif ; car la seule différence, à cet égard, entre l'art		
tarde_psycho_economique_t1.pdf	76	proprement dite est une répétition - imitation seulement.		
tarde_psycho_economique_t1.pdf	84	l'homme 	 de là les onomatopées, les harmonies imitatives, etc., c'est là la source.	
tarde_psycho_economique_t1.pdf	105	universelle, ondulation, génération, imitation, sont mises en jeu à la fois. Il		
tarde_psycho_economique_t1.pdf	108	par imitation égalitaire - qui finit par vaincre les résistances du patron. Bien des		
tarde_psycho_economique_t1.pdf	109	cette imitation de soi-même qu'on nomme habitude chez les individus ou coutume		
tarde_psycho_economique_t1.pdf	118	propageant imitativement des premiers qui les ont faites aux individus de leur		
tarde_psycho_economique_t1.pdf	119	genèse des inventions, et les lois de leurs imitations. Le progrès économique		
tarde_psycho_economique_t1.pdf	120	propagation imitative des lois qui les régissent ; et quelles sont ces lois ?		
tarde_psycho_economique_t1.pdf	135	habituels des rayonnement imitatifs, c'est-à-dire à la Cour sous l'ancien régime,		
tarde_psycho_economique_t1.pdf	144	courants imitatifs, étaient destinées à lutter non contre le penchant à l'introduction		
tarde_psycho_economique_t1.pdf	144	contagion imitative du luxe des grands pour que la distance ne vienne pas à		
tarde_psycho_economique_t1.pdf	158	et déjà vaincus par ces moyens. Tout est imitation et reproduction dans le travail		
tarde_psycho_economique_t1.pdf	158	n'y a-t-il rien de plus parfaitement imitatif, de plus exactement conformiste que		
tarde_psycho_economique_t1.pdf	158	de reproduction imitative, et une toute petite part d'ingéniosité, qui sert de ferment		
tarde_psycho_economique_t1.pdf	159	par une impulsion instinctive, innée, secondairement par imitation, tandis que les		
tarde_psycho_economique_t1.pdf	159	autres consistent en actes et en buts qui se répètent par imitation avant tout. Mais,		
tarde_psycho_economique_t1.pdf	194	du fonctionnement imitatif de toutes les consommations et de toutes les		
tarde_psycho_economique_t1.pdf	196	triomphé par sélection imitative.		
tarde_psycho_economique_t1.pdf	202	extérieure de la mémoire, imitation interne.		
tarde_psycho_economique_t1.pdf	219	au règne de la monnaie, sous l'impulsion de la sympathie imitative sans cesse		
tarde_psycho_economique_t1.pdf	245	89 Autre exemple de cette formation imitative. « L'instruction du cautionnement consenti par des		
tarde_psycho_economique_t1.pdf	254	besoins et des travaux, par l'effet de l'habitude, cette imitation de soi-même. Cette		
tarde_psycho_economique_t1.pdf	255	élargissement graduel, qui correspond à la propagation imitative des besoins et		
tarde_psycho_economique_t1.pdf	255	propagées, entre-croisant leurs irradiations imitatives indéfiniment multipliées, et		
tarde_psycho_economique_t2.pdf	21	     de prospérité purement laborieuse, adonnés au développement imitatif de grandes inventions		
tarde_psycho_economique_t2.pdf	35	nécessairement la vie de sympathie imitative. Le négociant ou l'industriel le plus		
tarde_psycho_economique_t2.pdf	41	parvenue à l'un des vendeurs ou à l'un des acheteurs, il y a diffusion imitative de		
tarde_psycho_economique_t2.pdf	55	par suite de la contagion imitative, la demande de cet article diminuerait,		
tarde_psycho_economique_t2.pdf	59	être imitées et doivent leur fécondité à leur imitation même. Plus elles débordent,		
tarde_psycho_economique_t2.pdf	75	émulation imitative. Il faut seulement remarquer que l'imitation de clan à clan, de		
tarde_psycho_economique_t2.pdf	88	défensive contre les empiètements imitatifs du vulgaire ? Il est curieux de voir, en		
tarde_psycho_economique_t2.pdf	96	d'être question. Partout ces monnaies, procèdent, dit Lenormant, « d'une imitation		
tarde_psycho_economique_t2.pdf	113	la contagion imitative est vraiment la cause du mal, mais le cas est si rare, et le		
tarde_psycho_economique_t2.pdf	114	    Ces crises de surproduction sont dues à des entraînements imitatifs qui		
tarde_psycho_economique_t2.pdf	118	engouement imitatif ; tandis que les crises-luttes s'expliquaient par un grand		
tarde_psycho_economique_t2.pdf	119	d'entraînement imitatif, par quelle foule d'actions intermentales, s'entretient cette		
tarde_psycho_economique_t2.pdf	156	rayonnement imitatif du confort ou du luxe de la bourgeoisie a suscité le besoin		
tarde_psycho_economique_t2.pdf	165	dire de la propagation imitative des inventions. Aussi le classement des nations,		
tarde_psycho_economique_t2.pdf	195	avant tout, par une suite d'accidents heureux, qui, grâce au rayonnement imitatif et		
tarde_psycho_economique_t2.pdf	195	     leur rayonnement imitatif suivant certaines règles formulables.		
tarde_psycho_economique_t2.pdf	201	de s'accroître 	 1° l'apparition de nouvelles inventions ; 2° le rayonnement imitatif	
tarde_psycho_economique_t2.pdf	288	forme du travail et de la richesse tend à se multiplier par répétition imitative, et il		
tarde_psycho_economique_t2.pdf	289	répétitions multipliantes, l'une par génération, l'autre par imitation, ce serait donc		
tarde_psycho_economique_t2.pdf	293	découle même des lois de l'imitation - que l'envie imitative des besoins d'en haut		
taylor_democracy_citizen_efficacy.pdf	30	               of elsewhere to which shoppers are linked. In artful imitations, even including a careful treatment of		
Terranova._foucault_2009.pdf	22	      tion and imitation. (Lazzarato, 2002	 27)	
Theberge_network_studio_2004.pdf	9	of popular music aesthetics that algorithmic imitations of them were		
thrift-1999-place-of-complexity.pdf	6	      imitate the world as it really is. As Benjamin noted, `Perhaps there is none of		
thrift_automatic_space_2002.pdf	20	   imitate or reflect or correspond or map directly to an         entity in the direction of this question and redefin-		
Thrift-electric-animals-2004.pdf	1	 rt of man, as in many other things, so in this also imitated, that it can make		
Thrift-electric-animals-2004.pdf	7	  nature and then imitates or takes inspiration from these designs and		
Thrift-electric-animals-2004.pdf	7	d display obvious utility if they could be imitated, such as the sticking		
Thrift-electric-animals-2004.pdf	7	 he second approach focuses on imitation. Over the last ten years or so		
Thrift-electric-animals-2004.pdf	22	er, W. (1950) ‘An imitation of artificial life’, Scientific American, vol. 96, pp.		
Thrift_-_reso163554.pdf	3	and are able to circulate easily through a semiconscious process of imitation		
Thrift_-_reso163554.pdf	21	rather than discipline and imitation rather than coercion	 ‘the paradigmatic	
Thrift_-_reso163554.pdf	27	Leys, R. (1993) ‘Mead’s voices	 imitation     Princeton, NJ	 Princeton University
Thrift-TechUnconscious-2004.pdf	7	     banished entirely under the regime Prince Maurice and his imitators established,		
thrift-thicktime-organization-2005.pdf	1	      of progressive practical imitation, in the manner of tarde. this argument		
thrift-thicktime-organization-2005.pdf	4	     imitation as they are perceived/judged to be successful according to		
thrift-thicktime-organization-2005.pdf	4	     seen as constantly changing fields through which imitation periodically		
thrift-thicktime-organization-2005.pdf	5	while, but they were soon imitated and, as they became ubiquitous, so		
thrift-thicktime-organization-2005.pdf	5	argue that other innovations are less prone to this kind of imitation since		
Timmermans_A_World_of_Standards.pdf	18	        and imitation. Organization 15	563–83	
Toew_Tarde.pdf	11	and interferences between imitative currents’ (1994	 314). Now, to be sure,	
Toew_Tarde.pdf	12	that imitation can be at a great historical distance and that it is therefore		
Toew_Tarde.pdf	12	purely affect-based collective phenomenon. In Tarde’s view, imitation		
tsing_supply_chain_capitalism_2009.pdf	27	agendas even as they imitate American style. Yet even in going their own way, they		
tsing_supply_chain_capitalism_2009.pdf	43	of Newell Rubbermaid‟s office in Bentonville was guided by the principle that imitation		
ulhmann_deleuze_image_2004.pdf	4	examining what is presented and filtering it,         There is no imitation involved in sucb created		
ulhmann_deleuze_image_2004.pdf	6	suggestion that, in good films, these images are     within cinema history hut through the imitation		
VoiceChips.pdf	10	children to imitate technological effects. These are voice mask for putting on the accent of techno		
VoiceChips.pdf	13	then there is the multitude of imitative toys that emulate cute animals, non functional power tools		
Williams_subjectivity.pdf	9	acknowledges the value of the principle of affective imitation in Spinoza’s		
Williams_subjectivity.pdf	12	             there will always exist an unconscious affectus imitatio within the process of		
Williams_subjectivity.pdf	12	             hope and envy become not just relations of recognition and imitation whereby		
Williams_subjectivity.pdf	14	             ways. The imitative structure discussed in Spinoza’s philosophy is not simply		
