,"com,github)/about",20100607093209,http://github.com:80/about,text/html,200,GMKAPWEHZTIKFD65I7SWYFNZACFNCSS4,2884
0,"com,github)/about",20110603010749,http://github.com/about,text/html,301,OGWYMCPXBYOSGP5DV4EEQDSM26YPBGLL,292
1,"com,github)/about",20110619201132,http://github.com:80/about,text/html,301,OGWYMCPXBYOSGP5DV4EEQDSM26YPBGLL,304
2,"com,github)/about",20110619201132,http://www.github.com:80/about,text/html,301,OGWYMCPXBYOSGP5DV4EEQDSM26YPBGLL,306
3,"com,github)/about",20110621030316,http://github.com:80/about,text/html,301,OGWYMCPXBYOSGP5DV4EEQDSM26YPBGLL,305
4,"com,github)/about",20110621030316,http://www.github.com:80/about,text/html,301,OGWYMCPXBYOSGP5DV4EEQDSM26YPBGLL,307
5,"com,github)/about",20110623070550,https://github.com/about,text/html,200,7E32KKFFOD5YSR5O5AOBCRPUCLDVRXWT,7579
6,"com,github)/about",20110627000509,http://github.com/about,text/html,301,XQOC4SRL6JEXRUKW62CICWPX7IARIOMQ,291
7,"com,github)/about",20110820201240,http://github.com:80/about,text/html,301,XQOC4SRL6JEXRUKW62CICWPX7IARIOMQ,302
8,"com,github)/about",20110820201240,http://www.github.com:80/about,text/html,301,XQOC4SRL6JEXRUKW62CICWPX7IARIOMQ,305
9,"com,github)/about",20110827235253,http://github.com/about,text/html,301,XQOC4SRL6JEXRUKW62CICWPX7IARIOMQ,291
10,"com,github)/about",20111020053853,http://github.com:80/about,text/html,301,XQOC4SRL6JEXRUKW62CICWPX7IARIOMQ,305
11,"com,github)/about",20111020053853,http://www.github.com:80/about,text/html,301,XQOC4SRL6JEXRUKW62CICWPX7IARIOMQ,307
12,"com,github)/about",20111231114852,http://github.com:80/about,text/html,301,XQOC4SRL6JEXRUKW62CICWPX7IARIOMQ,304
13,"com,github)/about",20111231114852,http://www.github.com:80/about,text/html,301,XQOC4SRL6JEXRUKW62CICWPX7IARIOMQ,306
14,"com,github)/about",20120301101923,http://github.com:80/about,text/html,301,GF2DWPWSGDTGOXFDEPBNGFJBQI22LTHI,303
15,"com,github)/about",20120301101923,http://www.github.com:80/about,text/html,301,GF2DWPWSGDTGOXFDEPBNGFJBQI22LTHI,305
16,"com,github)/about",20120430204619,http://github.com:80/about,text/html,301,PHUCFULILDL4BOWOWEK3UMGMVRCLPLCJ,304
17,"com,github)/about",20120430204619,http://www.github.com:80/about,text/html,301,PHUCFULILDL4BOWOWEK3UMGMVRCLPLCJ,306
18,"com,github)/about",20120630232621,http://github.com:80/about,text/html,301,PHUCFULILDL4BOWOWEK3UMGMVRCLPLCJ,305
19,"com,github)/about",20121020081213,http://github.com:80/about,text/html,301,QH732FYSV7UM34JYWVYMB7EZGR2CYM6B,298
20,"com,github)/about",20121105021621,http://github.com/about,text/html,301,QH732FYSV7UM34JYWVYMB7EZGR2CYM6B,443
21,"com,github)/about",20121213223837,https://github.com/about,text/html,200,BFZY5E3M46FIG2P574EQAQYQJH3QP54R,5476
22,"com,github)/about",20130101010816,http://github.com:80/about,text/html,301,QH732FYSV7UM34JYWVYMB7EZGR2CYM6B,296
23,"com,github)/about",20130114214541,https://github.com/about,text/html,200,PX6K4X5PC2J2SLULF325JDMY36RZR46K,5495
24,"com,github)/about",20130116034017,http://github.com/about,text/html,301,QH732FYSV7UM34JYWVYMB7EZGR2CYM6B,445
25,"com,github)/about",20130309084954,http://github.com:80/about,text/html,301,QH732FYSV7UM34JYWVYMB7EZGR2CYM6B,302
26,"com,github)/about",20130408014718,http://github.com:80/about,unk,302,3I42H3S6NNFQ2MSVX7XZKYAYSCX5QBYJ,173
27,"com,github)/about",20130430042451,https://github.com/about,text/html,200,HBJ4YA3WPPJ7DUPA7SFKXLRSCNZ5LQHA,4250
28,"com,github)/about",20130512151750,http://github.com/about,warc/revisit,-,QH732FYSV7UM34JYWVYMB7EZGR2CYM6B,440
29,"com,github)/about",20130517185259,http://github.com:80/about,text/html,301,QH732FYSV7UM34JYWVYMB7EZGR2CYM6B,320
30,"com,github)/about",20130526072227,http://github.com:80/about,text/html,301,QH732FYSV7UM34JYWVYMB7EZGR2CYM6B,321
31,"com,github)/about",20130606094735,http://github.com:80/about,text/html,301,QH732FYSV7UM34JYWVYMB7EZGR2CYM6B,322
32,"com,github)/about",20130606193135,http://github.com/about,warc/revisit,-,QH732FYSV7UM34JYWVYMB7EZGR2CYM6B,440
33,"com,github)/about",20130723185209,http://github.com/about,text/html,301,QH732FYSV7UM34JYWVYMB7EZGR2CYM6B,462
34,"com,github)/about",20130724225233,https://github.com/about,text/html,200,IB5GK3YGF7BM3FNCBYNKPI2EYEIT7WNZ,3933
35,"com,github)/about",20130810134023,http://github.com:80/about,text/html,301,QH732FYSV7UM34JYWVYMB7EZGR2CYM6B,320
36,"com,github)/about",20130810134023,http://www.github.com:80/about,text/html,301,QH732FYSV7UM34JYWVYMB7EZGR2CYM6B,322
37,"com,github)/about",20130823085912,http://github.com/about/,text/html,301,QH732FYSV7UM34JYWVYMB7EZGR2CYM6B,463
38,"com,github)/about",20130902083430,http://www.github.com:80/about,text/html,301,QH732FYSV7UM34JYWVYMB7EZGR2CYM6B,321
39,"com,github)/about",20130907110010,http://github.com/about/,text/html,301,4KQTFZCWTN6ACMTFOFRZSNH5PEO2BTOV,519
40,"com,github)/about",20130917222011,http://www.github.com:80/about,text/html,301,QH732FYSV7UM34JYWVYMB7EZGR2CYM6B,321
41,"com,github)/about",20130925000020,http://github.com:80/about,unk,301,3I42H3S6NNFQ2MSVX7XZKYAYSCX5QBYJ,176
42,"com,github)/about",20130925000020,http://www.github.com:80/about,text/html,301,QH732FYSV7UM34JYWVYMB7EZGR2CYM6B,322
43,"com,github)/about",20131010122629,http://github.com:80/about,unk,301,3I42H3S6NNFQ2MSVX7XZKYAYSCX5QBYJ,176
44,"com,github)/about",20131010122629,http://www.github.com:80/about,text/html,301,QH732FYSV7UM34JYWVYMB7EZGR2CYM6B,322
45,"com,github)/about",20131121114722,http://www.github.com:80/about,unk,301,3I42H3S6NNFQ2MSVX7XZKYAYSCX5QBYJ,180
46,"com,github)/about",20131128084054,http://www.github.com:80/about,unk,301,3I42H3S6NNFQ2MSVX7XZKYAYSCX5QBYJ,182
47,"com,github)/about",20131222062559,https://github.com/about/,text/html,200,LSI626WC2P5GHC7CBQN7FGGGURAFEC63,4184
48,"com,github)/about",20140128044547,http://www.github.com:80/about,unk,301,3I42H3S6NNFQ2MSVX7XZKYAYSCX5QBYJ,182
49,"com,github)/about",20140204054150,http://www.github.com:80/about,unk,301,3I42H3S6NNFQ2MSVX7XZKYAYSCX5QBYJ,182
50,"com,github)/about",20140213075405,http://www.github.com:80/about,unk,301,3I42H3S6NNFQ2MSVX7XZKYAYSCX5QBYJ,182
51,"com,github)/about",20140213134249,http://www.github.com/about,warc/revisit,-,3I42H3S6NNFQ2MSVX7XZKYAYSCX5QBYJ,386
52,"com,github)/about",20140221041003,http://www.github.com:80/about,unk,301,3I42H3S6NNFQ2MSVX7XZKYAYSCX5QBYJ,181
53,"com,github)/about",20140301105233,http://www.github.com:80/about,unk,302,3I42H3S6NNFQ2MSVX7XZKYAYSCX5QBYJ,175
54,"com,github)/about",20140410231149,http://www.github.com:80/about,unk,301,3I42H3S6NNFQ2MSVX7XZKYAYSCX5QBYJ,179
55,"com,github)/about",20140422011548,http://www.github.com:80/about,unk,301,3I42H3S6NNFQ2MSVX7XZKYAYSCX5QBYJ,180
56,"com,github)/about",20140426062424,http://github.com/about,unk,301,3I42H3S6NNFQ2MSVX7XZKYAYSCX5QBYJ,345
57,"com,github)/about",20140429054951,http://www.github.com:80/about,unk,301,3I42H3S6NNFQ2MSVX7XZKYAYSCX5QBYJ,180
58,"com,github)/about",20140503184917,https://github.com/about,text/html,200,UEEC7X3ZH6H22R55SLNWTQZFX4HAWRV3,4151
59,"com,github)/about",20140601155337,http://www.github.com/about,unk,301,3I42H3S6NNFQ2MSVX7XZKYAYSCX5QBYJ,330
60,"com,github)/about",20140605120710,https://github.com/about,text/html,200,P7TMTGPRT6DOVCBM7YCW2EOL6LCLFNBI,3973
61,"com,github)/about",20140608112003,http://www.github.com:80/about,unk,301,3I42H3S6NNFQ2MSVX7XZKYAYSCX5QBYJ,180
62,"com,github)/about",20140612050258,https://github.com/about,text/html,200,3OF7XWKYW4NUD32ME64RYLGRB5DIKDGP,4072
63,"com,github)/about",20140614162536,http://www.github.com:80/about,unk,301,3I42H3S6NNFQ2MSVX7XZKYAYSCX5QBYJ,180
64,"com,github)/about",20140621075020,http://www.github.com:80/about,unk,301,3I42H3S6NNFQ2MSVX7XZKYAYSCX5QBYJ,180
65,"com,github)/about",20140627070249,http://www.github.com:80/about,unk,301,3I42H3S6NNFQ2MSVX7XZKYAYSCX5QBYJ,181
66,"com,github)/about",20140701225250,http://www.github.com/about,unk,301,3I42H3S6NNFQ2MSVX7XZKYAYSCX5QBYJ,329
67,"com,github)/about",20140715202325,https://github.com/about,text/html,200,NEWJ3MOJJ3MVUTWK5A5T2LICNYMCNICB,4917
68,"com,github)/about",20140724162431,http://www.github.com:80/about,unk,302,3I42H3S6NNFQ2MSVX7XZKYAYSCX5QBYJ,176
69,"com,github)/about",20140730141908,http://www.github.com:80/about,unk,301,3I42H3S6NNFQ2MSVX7XZKYAYSCX5QBYJ,180
70,"com,github)/about",20140803114026,https://github.com/about,text/html,200,WYMN3FNUXYEOMYOKMTOSXZHTLBLDIFOC,4920
71,"com,github)/about",20140803114116,https://github.com/about,text/html,200,N3QE4UEGJR6XLTVFLO7RXXNRO4SJD3ZY,4921
72,"com,github)/about",20140805195733,http://www.github.com:80/about,unk,301,3I42H3S6NNFQ2MSVX7XZKYAYSCX5QBYJ,180
73,"com,github)/about",20140813174018,http://www.github.com:80/about,unk,301,3I42H3S6NNFQ2MSVX7XZKYAYSCX5QBYJ,180
74,"com,github)/about",20140820091122,http://www.github.com:80/about,unk,301,3I42H3S6NNFQ2MSVX7XZKYAYSCX5QBYJ,179
75,"com,github)/about",20140826070015,http://www.github.com:80/about,unk,301,3I42H3S6NNFQ2MSVX7XZKYAYSCX5QBYJ,180
76,"com,github)/about",20140830181139,http://github.com/about,unk,301,3I42H3S6NNFQ2MSVX7XZKYAYSCX5QBYJ,326
77,"com,github)/about",20140901195111,http://www.github.com:80/about,unk,301,3I42H3S6NNFQ2MSVX7XZKYAYSCX5QBYJ,179
78,"com,github)/about",20140902224018,https://github.com/about,text/html,200,AJIPASQ6KZWTTMFIVYQC3RTSGRZVZZ2G,4498
79,"com,github)/about",20140910202453,https://github.com/about,text/html,200,A7XOWTM6IVWAAANSYCTGQYRY4Q4OMTFY,4548
80,"com,github)/about",20140914025620,https://github.com/about,text/html,200,KHEGYPV2EDYQB7WS55OQQXAWBHKUCLJZ,4596
81,"com,github)/about",20140917205254,http://www.github.com:80/about,unk,301,3I42H3S6NNFQ2MSVX7XZKYAYSCX5QBYJ,180
82,"com,github)/about",20140920185848,http://www.github.com:80/about,unk,301,3I42H3S6NNFQ2MSVX7XZKYAYSCX5QBYJ,180
83,"com,github)/about",20140926053028,http://www.github.com:80/about,unk,301,3I42H3S6NNFQ2MSVX7XZKYAYSCX5QBYJ,180
84,"com,github)/about",20141001163025,http://www.github.com:80/about,unk,301,3I42H3S6NNFQ2MSVX7XZKYAYSCX5QBYJ,180
85,"com,github)/about",20141007021106,https://github.com/about,text/html,200,YP3DTUJURUTE7VATVL27DXLMJXW7OBDM,4733
86,"com,github)/about",20141007135523,http://www.github.com:80/about,unk,301,3I42H3S6NNFQ2MSVX7XZKYAYSCX5QBYJ,180
87,"com,github)/about",20141008064022,https://github.com/about,text/html,200,WW2J4VKPWYCIQFTGSAP2FK55FSQE4VIU,4591
88,"com,github)/about",20141008083638,https://github.com/about/,text/html,200,XXUEXB6XTPJC2JCODPYKNXBJZWLH5PZZ,4618
89,"com,github)/about",20141013165955,http://www.github.com:80/about,unk,301,3I42H3S6NNFQ2MSVX7XZKYAYSCX5QBYJ,180
90,"com,github)/about",20141020044944,http://www.github.com:80/about,unk,301,3I42H3S6NNFQ2MSVX7XZKYAYSCX5QBYJ,180
91,"com,github)/about",20141020145550,https://github.com/about,text/html,200,4WXWUKKOV3S2VCNQQFEC3UZRWH6JYZGT,4686
92,"com,github)/about",20141028102057,http://www.github.com:80/about,unk,301,3I42H3S6NNFQ2MSVX7XZKYAYSCX5QBYJ,180
93,"com,github)/about",20141104234232,http://www.github.com:80/about,unk,301,3I42H3S6NNFQ2MSVX7XZKYAYSCX5QBYJ,180
94,"com,github)/about",20141114025338,https://github.com/about,text/html,200,N522DNWXAAC2XREHWIFZLSPXFG6YLN5B,4338
95,"com,github)/about",20141129193628,https://github.com/about,text/html,200,M3BXU5H5N5KTS6SLFWOJRRPSQLFUWEZO,4320
96,"com,github)/about",20141221105758,http://www.github.com:80/about,unk,301,3I42H3S6NNFQ2MSVX7XZKYAYSCX5QBYJ,180
97,"com,github)/about",20141227200744,http://www.github.com:80/about,unk,301,3I42H3S6NNFQ2MSVX7XZKYAYSCX5QBYJ,180
98,"com,github)/about",20150103000518,http://www.github.com:80/about,unk,301,3I42H3S6NNFQ2MSVX7XZKYAYSCX5QBYJ,179
99,"com,github)/about",20150109034702,http://www.github.com:80/about,unk,301,3I42H3S6NNFQ2MSVX7XZKYAYSCX5QBYJ,180
100,"com,github)/about",20150118061559,http://www.github.com:80/about,unk,301,3I42H3S6NNFQ2MSVX7XZKYAYSCX5QBYJ,180
101,"com,github)/about",20150121071044,https://github.com/about,text/html,200,JF7TMMAJNKT2HI2EABPKKM2JA7S7P526,4342
102,"com,github)/about",20150128095120,https://github.com/about,text/html,200,Q3HKLK47WVLB344MNSKNT4FCDC7Z54W7,4419
103,"com,github)/about",20150206221144,http://github.com:80/about,text/plain,301,3I42H3S6NNFQ2MSVX7XZKYAYSCX5QBYJ,179
104,"com,github)/about",20150207063602,http://www.github.com:80/about,text/plain,301,3I42H3S6NNFQ2MSVX7XZKYAYSCX5QBYJ,182
105,"com,github)/about",20150207184231,https://github.com/about,text/html,200,N6E3EOB3RY4I6VIIXFC7B7EBKIL7EG3D,4181
106,"com,github)/about",20150207191543,https://github.com/about,text/html,200,TTTASYGMIOMBDD6XPKKIO2RUZCIGH3XG,4180
107,"com,github)/about",20150207192321,https://github.com/about,text/html,200,RO4ACX6HY3KQLUNLGX4QJMI5BSL62UFD,4182
108,"com,github)/about",20150207203705,https://github.com/about,text/html,200,WZNI7H6F7FTLNDKBNSKEUZB7YUITG3F6,4181
109,"com,github)/about",20150207221659,https://github.com/about,text/html,200,J4KXE34VTBGE4KARQXRASM3GENHP46AA,4184
110,"com,github)/about",20150207230950,https://github.com/about,text/html,200,NXMJYLGMPYYIZF6QRTZJTOZSXJIXABWC,4185
111,"com,github)/about",20150208000945,https://github.com/about,text/html,200,7PKZM2Z5OE2EGEAD65LKXEWIKQYWYYOQ,4184
112,"com,github)/about",20150208092926,https://github.com/about/,text/html,200,JZHPBH6HRCPRMPM4CGAYJJI4GAWQNJ75,4458
113,"com,github)/about",20150209011701,https://github.com/about,text/html,200,TK23BYM4V4LWSYP5NI2WXCL66JBC34D4,4168
114,"com,github)/about",20150209050001,https://github.com/about,text/html,200,QNVNSAYEGVQNTWTFRO6EOMGX3GAJWI2X,4169
115,"com,github)/about",20150212003538,https://github.com/about,text/html,200,64V6LMOZMAOT3LEQDFFQ2BKZXWHWU6Y6,4171
116,"com,github)/about",20150213202808,https://github.com/about,text/html,200,JVP3WCUN5T2O3SBZLK6SR2VEQE6NUQKJ,4158
117,"com,github)/about",20150214183308,https://github.com/about,text/html,200,HZU45ZIHPSNTKV5SF5VCFGZTLL6WJ6VY,4509
118,"com,github)/about",20150215205841,https://github.com/about,text/html,200,PAQF76UQE7GSWUDPR6KRA7GHG23OEHVS,4235
119,"com,github)/about",20150215232347,https://github.com/about,text/html,200,RWNMLXC2ZGT7J7Y5FPEO57RVJ3I35B7J,4236
120,"com,github)/about",20150216002224,https://github.com/about,text/html,200,YZTG2AMPAW2XLSNXP7J4ADVAJ2LVSV4Y,4239
121,"com,github)/about",20150216043344,http://www.github.com:80/about,text/plain,301,3I42H3S6NNFQ2MSVX7XZKYAYSCX5QBYJ,183
122,"com,github)/about",20150218025432,https://github.com/about,text/html,200,K2TFSB4P22PNELVHSY6VRMQ6DMAZNR62,4239
123,"com,github)/about",20150221063438,https://github.com/about,text/html,200,WZHGVRQO5KO5MASOYHSD6E4MFCBZD6NR,4238
124,"com,github)/about",20150221111158,http://www.github.com:80/about,text/plain,301,3I42H3S6NNFQ2MSVX7XZKYAYSCX5QBYJ,181
125,"com,github)/about",20150224130124,https://github.com/about,text/html,200,USVZNVNLQLPEM3CAIX4VZWX3XODHIRJD,4234
126,"com,github)/about",20150225000653,https://github.com/about,text/html,200,D6V3637GJBCK7E3TK2TZI4WBY3OF2LNA,4230
127,"com,github)/about",20150226114832,http://www.github.com:80/about,text/plain,301,3I42H3S6NNFQ2MSVX7XZKYAYSCX5QBYJ,182
128,"com,github)/about",20150303084329,http://www.github.com:80/about,text/plain,301,3I42H3S6NNFQ2MSVX7XZKYAYSCX5QBYJ,182
129,"com,github)/about",20150306221826,https://github.com/about,text/html,200,WTAYKVNL5LZ4GXU3DC6RW6DEKQ6LZBFF,4251
130,"com,github)/about",20150308030131,http://www.github.com:80/about,text/plain,301,3I42H3S6NNFQ2MSVX7XZKYAYSCX5QBYJ,181
131,"com,github)/about",20150310033229,https://github.com/about,text/html,200,NP3EJF22PLJKHQUHYWJZ37QX5RWKCTTM,4247
132,"com,github)/about",20150310063607,https://github.com/about,text/html,200,RAPOTKN3IWMIQPDGGID5NINXHUU7TC6E,4421
133,"com,github)/about",20150312142828,https://github.com/about,text/html,200,DSDEXUMVVE2MWIFVHP2W5OHO3M5N2HLD,4424
134,"com,github)/about",20150312185836,http://www.github.com:80/about,text/plain,301,3I42H3S6NNFQ2MSVX7XZKYAYSCX5QBYJ,182
135,"com,github)/about",20150313232203,https://github.com/about,text/html,200,UC4675KUH6IBO3V7ORYJVMJOJG2WTO45,4245
136,"com,github)/about",20150314092542,https://github.com/about,text/html,200,VEUDU33A3OAE6HFDS42MKRM6T4XYGF6I,4242
137,"com,github)/about",20150316170610,https://github.com/about,text/html,200,SS6L6O3HPHCURICKLL5STDZ3BT3MYU4I,4246
138,"com,github)/about",20150319063308,https://github.com/about,text/html,200,UB7GFGK2UFIRQWKYHLAY56H7YO6O54TR,4245
139,"com,github)/about",20150324073107,https://github.com/about,text/html,200,C7KAGE5EAQMVYYVIQ3JBHZI6YC23PKM4,4384
140,"com,github)/about",20150325064146,http://www.github.com:80/about,text/plain,301,3I42H3S6NNFQ2MSVX7XZKYAYSCX5QBYJ,183
141,"com,github)/about",20150325071510,https://github.com/about,text/html,200,L52RKU7VHJKQQBUVLILSB4JODPE3SN7N,4374
142,"com,github)/about",20150326175913,https://github.com/about,text/html,200,FDKHN7VLLWZBVPUUXAYK3CVAXBGSFONH,4209
143,"com,github)/about",20150331032107,http://www.github.com:80/about,text/plain,301,3I42H3S6NNFQ2MSVX7XZKYAYSCX5QBYJ,182
144,"com,github)/about",20150403084933,http://github.com/about,unk,301,3I42H3S6NNFQ2MSVX7XZKYAYSCX5QBYJ,327
145,"com,github)/about",20150408053943,http://www.github.com:80/about,text/plain,301,3I42H3S6NNFQ2MSVX7XZKYAYSCX5QBYJ,183
146,"com,github)/about",20150413154014,https://github.com/about,text/html,200,RPFM254OZSAT5DAHJCZEI6OKBNPJ7NSE,4481
147,"com,github)/about",20150415184556,https://github.com/about,text/html,200,RFOOQM3KP4QRKM2OYENAH7J7IE4OCK74,4498
148,"com,github)/about",20150418072030,https://github.com/about,text/html,200,XMRSV4LOCKSFE4UWS73SA74KGCZWRBUZ,4294
149,"com,github)/about",20150418234453,https://github.com/about/,text/html,200,WLFTWUJDGLBL4O2QNE2HK3BR3HONCOM4,4480
150,"com,github)/about",20150426021423,https://github.com/about,text/html,200,RPHWHJPHPEYJ6TT2YLIQCFR6B6BKJH3F,4291
151,"com,github)/about",20150427034033,http://www.github.com:80/about,text/plain,301,3I42H3S6NNFQ2MSVX7XZKYAYSCX5QBYJ,183
152,"com,github)/about",20150430224148,https://github.com/about,text/html,200,3F6FM4OZXRHKBRIX2CYHWL2CFMJDU3V6,4484
153,"com,github)/about",20150511214436,http://www.github.com/about,warc/revisit,-,3I42H3S6NNFQ2MSVX7XZKYAYSCX5QBYJ,383
154,"com,github)/about",20150512104713,https://github.com/about,text/html,200,5KCXJSCJ2DPXZLIVTYHSLL6RXL6BUP6X,4487
155,"com,github)/about",20150515163535,http://www.github.com:80/about,text/plain,301,3I42H3S6NNFQ2MSVX7XZKYAYSCX5QBYJ,181
156,"com,github)/about",20150524230309,https://github.com/about,text/html,200,ICGDGZNAKWTOHD5RITMWJYFJOZLIIRWL,4650
157,"com,github)/about",20150619020650,https://github.com/about,text/html,200,B2JHL4PYKIJV6CO754BS5NKCYZCS66CI,4763
158,"com,github)/about",20150701083015,https://github.com/about,text/html,200,EJOMAMGSLEMC35Q7JOLBE4S27MWIZLCR,4784
159,"com,github)/about",20150703214252,https://github.com/about,text/html,200,FSYB47FOH4CWEGWFVVPAKXUD7RVVRRSB,5091
160,"com,github)/about",20150709164630,http://www.github.com:80/about,text/plain,301,3I42H3S6NNFQ2MSVX7XZKYAYSCX5QBYJ,183
161,"com,github)/about",20150709224302,https://github.com/about,text/html,200,I6TTWVO4BOPF47TCUZ3SZV52EK2ISDJZ,4834
162,"com,github)/about",20150718135329,https://github.com/about,text/html,200,EQGY22TVGY2VLHN453DPFRZINASAYCS5,4908
163,"com,github)/about",20150726033204,https://github.com/about,text/html,200,GUHP34JEXPDCTN5KXTFAHB4NI5YB664U,4844
164,"com,github)/about",20150804153442,https://github.com/about,text/html,200,R5X7T7Y5TXMH5KQTHQVFDUA6PD4X2ORJ,4840
165,"com,github)/about",20150810154141,http://github.com/about,unk,301,3I42H3S6NNFQ2MSVX7XZKYAYSCX5QBYJ,324
166,"com,github)/about",20150811144436,https://github.com/about,text/html,200,6BGXZYWU3FFDJSR6KRQ5QUEZUELGTIUQ,5017
167,"com,github)/about",20150821130927,https://github.com/about,text/html,200,ICQAGOSJMZWREFVIN2N432AY2HN4GSRT,4783
168,"com,github)/about",20150823025028,https://github.com/about,text/html,200,EKNIYAA3XMNE4DQEG3RIDIKPN3L5C5MD,4978
169,"com,github)/about",20150905093317,https://github.com/about,text/html,200,PD7357FL55NJSOZ4NEMNIFMEDWQUGOS3,4591
170,"com,github)/about",20150915104940,https://github.com/about,text/html,200,B37MWUVATOPZVK5BXHQKCGCZPJXEO4O4,4796
171,"com,github)/about",20150918221701,http://github.com/about,unk,301,3I42H3S6NNFQ2MSVX7XZKYAYSCX5QBYJ,326
172,"com,github)/about",20150924125537,https://github.com/about,text/html,200,K4PRGIRQOCBO3TN6DBQ77WAFCXTNJ6ZF,4806
173,"com,github)/about",20151122021636,https://github.com/about,text/html,200,KFOVIFFRXP56HN627FFC65LEFFQG4ESP,5078
174,"com,github)/about",20151216055610,https://github.com/about,text/html,200,N5UD5JSYZUODQNHW43FTEOATRUWVIDD4,4718
175,"com,github)/about",20151217180704,https://github.com/about,text/html,200,WER4NVSA44KJ67OW53MOMNVFUW62GUNC,4742
176,"com,github)/about",20151222215859,https://github.com/about,text/html,200,UPJ3I4IBJL57JFSVYVVUNPVVDM7QWOOO,4761
177,"com,github)/about",20151223190228,https://github.com/about,text/html,200,3CXWKGITW4L2QMFUSRIKBS2TVZ3UTIPG,4764
178,"com,github)/about",20151223215823,https://github.com/about,text/html,200,ABDCDXXOW3YLKMKK3M2X3XKLSQU2NCJD,4763
179,"com,github)/about",20151226164322,https://github.com/about,text/html,200,SHPV4KPIROUTW2P4WJ5JYAB4LQZUVQZJ,4767
180,"com,github)/about",20151228040416,https://github.com/about,text/html,200,U4JKIKOKRII3CQA26VLCKRXATQ57IH3E,5116
181,"com,github)/about",20151228171441,https://github.com/about,text/html,200,C7WGOG33LYBVCFJ7Q5IGM2IYABUFCXKU,4767
182,"com,github)/about",20151228171441,https://github.com/about,text/html,200,C7WGOG33LYBVCFJ7Q5IGM2IYABUFCXKU,4767
183,"com,github)/about",20160105002524,https://github.com/about,text/html,200,WI4HV726QTWN6MWD6ZDW744QGJYWJLHS,4766
184,"com,github)/about",20160105002807,https://github.com/about,text/html,200,X3LYBLXALQHHONODRLF2HE34Y7JK27Y3,5127
185,"com,github)/about",20160105003127,https://github.com/about,text/html,200,IBCHDH4JMFC7CA4Z4PE5SZHBNDINIJQK,5114
186,"com,github)/about",20160105011258,https://github.com/about,text/html,200,SIFYTNRMDYMH4WKNDKELLZF2M6JTE3ZU,4749
187,"com,github)/about",20160105011258,https://github.com/about,text/html,200,SIFYTNRMDYMH4WKNDKELLZF2M6JTE3ZU,4749
188,"com,github)/about",20160107024457,https://github.com/about,text/html,200,ACKSWPLKE73WSZYD5AKRK7YTXMKWSN3H,4746
189,"com,github)/about",20160107061616,https://github.com/about,text/html,200,42DNJT44HLDQCUIIKVCPCGGSRZRS5EEL,4743
190,"com,github)/about",20160108001859,https://github.com/about,text/html,200,LKPYBVPIPRI4ERUZ22ERSP66VRGF2U5E,4756
191,"com,github)/about",20160109203850,https://github.com/about,text/html,200,7YFFNHFRAAX3EOFOZCA4IQE3LND3QVDE,4758
192,"com,github)/about",20160109204201,https://github.com/about,text/html,200,NDBFS7ST3IZNHWTWULTKSYU55T2ZQ67J,4757
193,"com,github)/about",20160109233521,https://github.com/about,text/html,200,2XW5RWTI4C7C7VDUV4IHSXWQ325DPZ5A,4757
194,"com,github)/about",20160110184227,https://github.com/about,text/html,200,FBLISKKT6MCBYFW2KNT27Y354A7UMVJD,4757
195,"com,github)/about",20160111001347,https://github.com/about,text/html,200,MHY7PZQCOT5KDXGUA2KO3BL7PUBCQSHX,4757
196,"com,github)/about",20160111035010,https://github.com/about,text/html,200,JNO3ZK5VI5YK43VLBAJWFIWLUL6GZC7F,4758
197,"com,github)/about",20160111035228,https://github.com/about,text/html,200,NRIR6G5S6JO7XUHKGFFQ7ZZ7NWDLQJPA,4760
198,"com,github)/about",20160111040536,https://github.com/about,text/html,200,7ZP4MXNWAFXARXKZUPVQ7QE4YHM5T3VT,4759
199,"com,github)/about",20160112001258,https://github.com/about,text/html,200,F2AYSTH5MYV3ZLCG4AK24JXGOODVZHI6,5117
200,"com,github)/about",20160112010513,https://github.com/about,text/html,200,VMJFG2J65YAEU3HTKHJTDM3JTGWECGC4,4759
201,"com,github)/about",20160114013224,https://github.com/about,text/html,200,DBMVM4VO5YZSLB2I5HNFY4UFSRZNQ6EF,4819
202,"com,github)/about",20160116193154,https://github.com/about,text/html,200,RD3XZX3S2NLALOXCBIL7GF6DSHZEVHFH,4856
203,"com,github)/about",20160116193154,https://github.com/about,text/html,200,RD3XZX3S2NLALOXCBIL7GF6DSHZEVHFH,4856
204,"com,github)/about",20160116210942,https://github.com/about,text/html,200,OV2AYALJFPWJVUVJJQI34MYDKXJM7IDN,4853
205,"com,github)/about",20160116210942,https://github.com/about,text/html,200,OV2AYALJFPWJVUVJJQI34MYDKXJM7IDN,4853
206,"com,github)/about",20160118065508,https://github.com/about,text/html,200,6JYZWDWGAD7VDS7ZCE4ODOQPAGMZSCF2,4621
207,"com,github)/about",20160118065508,https://github.com/about,text/html,200,6JYZWDWGAD7VDS7ZCE4ODOQPAGMZSCF2,4621
208,"com,github)/about",20160120230547,https://github.com/about,text/html,200,VJ5D7ABBLDGQK7JO75HMMLLHBVT6N6E7,4941
209,"com,github)/about",20160120230547,https://github.com/about,text/html,200,VJ5D7ABBLDGQK7JO75HMMLLHBVT6N6E7,4941
210,"com,github)/about",20160121080323,https://github.com/about,text/html,200,V2KVTB6ZBPGWEHQ354C3DKCQWNRLUC6U,4958
211,"com,github)/about",20160121080323,https://github.com/about,text/html,200,V2KVTB6ZBPGWEHQ354C3DKCQWNRLUC6U,4958
212,"com,github)/about",20160123053857,https://github.com/about,text/html,200,FELXRUUOFECWF7OPBGOTNIZC242N4PVD,5210
213,"com,github)/about",20160123053857,https://github.com/about,text/html,200,FELXRUUOFECWF7OPBGOTNIZC242N4PVD,5210
214,"com,github)/about",20160123063314,https://github.com/about,text/html,200,TLMSCJ6XE7F4C5QLNORHPGTHT2MEYF5J,4889
215,"com,github)/about",20160123063314,https://github.com/about,text/html,200,TLMSCJ6XE7F4C5QLNORHPGTHT2MEYF5J,4889
216,"com,github)/about",20160123071641,https://github.com/about,text/html,200,OZFIVMG2W2SCEEZR4CHSTVUXEMPK4HB5,4890
217,"com,github)/about",20160124134922,http://github.com/about,unk,301,3I42H3S6NNFQ2MSVX7XZKYAYSCX5QBYJ,326
218,"com,github)/about",20160124134922,http://github.com/about,unk,301,3I42H3S6NNFQ2MSVX7XZKYAYSCX5QBYJ,326
219,"com,github)/about",20160125182909,https://github.com/about,text/html,200,5OTX3F2LUAZTA3DCGSH5552NCRD5RLIJ,4992
220,"com,github)/about",20160125182909,https://github.com/about,text/html,200,5OTX3F2LUAZTA3DCGSH5552NCRD5RLIJ,4992
221,"com,github)/about",20160128234525,https://github.com/about,text/html,200,UYX2CZENYPJ66YDLNLDDHFOC2TC7CBHX,4933
222,"com,github)/about",20160130063341,https://github.com/about,text/html,200,2F24WIZC3K4KVZUFBWWXUGXUXL53366H,5266
223,"com,github)/about",20160130065257,https://github.com/about,text/html,200,ZRNITQATWEYHGAZIBEEJ3WLK6LY2PWCW,4950
224,"com,github)/about",20160131024935,https://github.com/about,text/html,200,MGNJ67ZEQI3GY2Q6PUGGOB7TMNUL5EHF,5315
225,"com,github)/about",20160131025103,https://github.com/about,text/html,200,RGMC4BE64D56NJ6P4NMBSZOMFSGDZF77,4954
226,"com,github)/about",20160201030714,https://github.com/about,text/html,200,XH7B4X2YIA37KJ6TN4RM767IS4BTCNTI,6380
227,"com,github)/about",20160201031454,https://github.com/about,text/html,200,6PALO7CU5G4MSYSUVWB3WMP2L3ZYXW4M,6384
228,"com,github)/about",20160201032031,https://github.com/about,text/html,200,YO7TELG6PJ3WHQICRNXCLVC462BJS634,6379
229,"com,github)/about",20160201032406,https://github.com/about,text/html,200,4VBFFOOJITOMQEWMJO6IUGKD3FDHS6O3,6385
230,"com,github)/about",20160203024249,https://github.com/about,text/html,200,RC5R2AZAH67ANCLW6NWHRP2ZDGT225MW,6367
231,"com,github)/about",20160203025839,https://github.com/about,text/html,200,27CIE7CMZ4NOXLN4CID642BO5XWFKFM4,6366
232,"com,github)/about",20160203031225,https://github.com/about,text/html,200,ZZZJ7Z6BNQIOYHZFGAWXRGAFK52KKNSN,6366
233,"com,github)/about",20160203042647,https://github.com/about,text/html,200,SPSVZGVU4JQBTJJ23PQLCTOZGZPQS2CZ,6347
234,"com,github)/about",20160204105217,https://github.com/about,text/html,200,D3JKCDGK6QIOX4OK34YATO67G2IDL3VT,6468
235,"com,github)/about",20160206233447,https://github.com/about,text/html,200,XLOC6VKCH4BAOUQENWPKWUCOPHPOW2OB,6719
236,"com,github)/about",20160206235335,https://github.com/about,text/html,200,QL5A7JLHAEWYUBTRP5TRIUICSXANKYDQ,6371
237,"com,github)/about",20160207000549,https://github.com/about,text/html,200,DTYDZJAXVXWURQ457YCPWFWMKLPU2DNA,6368
238,"com,github)/about",20160207002906,https://github.com/about,text/html,200,5PCQMUTUD2R5KIXEWUU7T6BAFJLQDCGJ,6371
239,"com,github)/about",20160207003355,https://github.com/about,text/html,200,3ZPR6ZZSSNJ4MUBCDFVHATI7V7HADFIM,6367
240,"com,github)/about",20160207003906,https://github.com/about,text/html,200,FH7YSVSRUKGFYDFYRDUAFITC2JIZBXS7,6648
241,"com,github)/about",20160211015438,https://github.com/about,text/html,200,QSEJCJRBPX6LL6XFWF6DSFMLZNEE7A33,6583
242,"com,github)/about",20160217210050,https://github.com/about,text/html,200,W3PFESCYIWHLBIA5TOJAC3KM6Q7YRLAE,6942
243,"com,github)/about",20160218043726,https://github.com/about,text/html,200,4XN3ZX7D6EAPRTHYDHL2IPKAKCXN6O6K,6595
244,"com,github)/about",20160218161327,https://github.com/about,text/html,200,YTEXPWUCEYS5O33LHLI7XEVKI3GOXV6S,7012
245,"com,github)/about",20160218175414,https://github.com/about,text/html,200,TCJ2JNEO6QNZXQCBAK4NHATSWV5ZDAH7,6596
246,"com,github)/about",20160218180404,https://github.com/about,text/html,200,HCGRX23B5HVMO3WPR5RFOM2XWQP4FURX,6590
247,"com,github)/about",20160218180622,https://github.com/about,text/html,200,3J3EOUAUQVBPMFMRCGZEMOYC6RWSOI2Z,6600
248,"com,github)/about",20160219123552,https://github.com/about,text/html,200,QOD3X3YF2XXN74YQ3TV2ZUWNGBVBASXV,6423
249,"com,github)/about",20160221001419,https://github.com/about,text/html,200,DHJESXY33FVMS6OPW34MIMPVRL3QE6R2,6599
