"","month","year","repo_name","repo_url","events","pos"
"1",1,2012,"brianchandotcom/liferay-portal","https://api.github.dev/repos/brianchandotcom/liferay-portal",840,1
"2",1,2012,"mxcl/homebrew","https://api.github.dev/repos/mxcl/homebrew",714,2
"3",1,2012,"rails/rails","https://api.github.dev/repos/rails/rails",621,3
"4",1,2012,"jbossas/jboss-as","https://api.github.dev/repos/jbossas/jboss-as",515,4
"5",1,2012,"appcelerator/titanium_mobile","https://api.github.dev/repos/appcelerator/titanium_mobile",360,5
"6",1,2012,"twitter/bootstrap","https://api.github.dev/repos/twitter/bootstrap",333,6
"7",1,2012,"hpcc-systems/HPCC-Platform","https://api.github.dev/repos/hpcc-systems/HPCC-Platform",319,7
"8",1,2012,"puppetlabs/puppet","https://api.github.dev/repos/puppetlabs/puppet",260,8
"9",1,2012,"TrinityCore/TrinityCore","https://api.github.dev/repos/TrinityCore/TrinityCore",256,9
"10",1,2012,"Baystation12/Baystation12","https://api.github.dev/repos/Baystation12/Baystation12",248,10
"11",2,2012,"mxcl/homebrew","https://api.github.com/repos/mxcl/homebrew",50559,1
"12",2,2012,"mxcl/homebrew","https://api.github.dev/repos/mxcl/homebrew",28367,2
"13",2,2012,"rails/rails","https://api.github.com/repos/rails/rails",14987,3
"14",2,2012,"D-Programming-Language/dmd","https://api.github.dev/repos/D-Programming-Language/dmd",4516,4
"15",2,2012,"xbmc/xbmc","https://api.github.com/repos/xbmc/xbmc",4486,5
"16",2,2012,"mongodb/mongo","https://api.github.com/repos/mongodb/mongo",4385,6
"17",2,2012,"joyent/node","https://api.github.com/repos/joyent/node",3520,7
"18",2,2012,"appcelerator/titanium_mobile","https://api.github.com/repos/appcelerator/titanium_mobile",3406,8
"19",2,2012,"D-Programming-Language/dmd","https://api.github.com/repos/D-Programming-Language/dmd",3360,9
"20",2,2012,"rails/rails","https://api.github.dev/repos/rails/rails",3297,10
"21",3,2012,"mxcl/homebrew","https://api.github.com/repos/mxcl/homebrew",38776,1
"22",3,2012,"mxcl/homebrew","https://api.github.dev/repos/mxcl/homebrew",12908,2
"23",3,2012,"rails/rails","https://api.github.com/repos/rails/rails",9829,3
"24",3,2012,"rails/rails","https://api.github.dev/repos/rails/rails",5893,4
"25",3,2012,"EllisLab/CodeIgniter","https://api.github.dev/repos/EllisLab/CodeIgniter",5559,5
"26",3,2012,"EllisLab/CodeIgniter","https://api.github.com/repos/EllisLab/CodeIgniter",4524,6
"27",3,2012,"appcelerator/titanium_mobile","https://api.github.com/repos/appcelerator/titanium_mobile",4017,7
"28",3,2012,"mongodb/mongo","https://api.github.com/repos/mongodb/mongo",2886,8
"29",3,2012,"django/django","https://api.github.dev/repos/django/django",2728,9
"30",3,2012,"joyent/node","https://api.github.com/repos/joyent/node",2185,10
"31",4,2012,"homebrew","https://github.com/mxcl/homebrew",803,1
"32",4,2012,"liferay-portal","https://github.com/brianchandotcom/liferay-portal",688,2
"33",4,2012,"rails","https://github.com/rails/rails",597,3
"34",4,2012,"symfony","https://github.com/symfony/symfony",547,4
"35",4,2012,"jboss-as","https://github.com/jbossas/jboss-as",546,5
"36",4,2012,"crowbar","https://github.com/dellcloudedge/crowbar",451,6
"37",4,2012,"titanium_mobile","https://github.com/appcelerator/titanium_mobile",417,7
"38",4,2012,"HSU2012SW","https://github.com/xguru/HSU2012SW",240,8
"39",4,2012,"HPCC-Platform","https://github.com/hpcc-systems/HPCC-Platform",231,9
"40",4,2012,"jquery-mobile","https://github.com/jquery/jquery-mobile",231,9
"41",5,2012,"rails","https://github.com/rails/rails",747,1
"42",5,2012,"liferay-portal","https://github.com/brianchandotcom/liferay-portal",699,2
"43",5,2012,"zf2","https://github.com/zendframework/zf2",681,3
"44",5,2012,"homebrew","https://github.com/mxcl/homebrew",674,4
"45",5,2012,"crowbar","https://github.com/dellcloudedge/crowbar",500,5
"46",5,2012,"jboss-as","https://github.com/jbossas/jboss-as",423,6
"47",5,2012,"titanium_mobile","https://github.com/appcelerator/titanium_mobile",398,7
"48",5,2012,"scala","https://github.com/scala/scala",385,8
"49",5,2012,"cloud9","https://github.com/ajaxorg/cloud9",365,9
"50",5,2012,"symfony","https://github.com/symfony/symfony",358,10
"51",6,2012,"homebrew","https://github.com/mxcl/homebrew",844,1
"52",6,2012,"B2W2eng","https://github.com/Kyohack/B2W2eng",782,2
"53",6,2012,"liferay-portal","https://github.com/brianchandotcom/liferay-portal",773,3
"54",6,2012,"gaia","https://github.com/mozilla-b2g/gaia",634,4
"55",6,2012,"zf2","https://github.com/zendframework/zf2",514,5
"56",6,2012,"butter","https://github.com/mozilla/butter",453,6
"57",6,2012,"rails","https://github.com/rails/rails",444,7
"58",6,2012,"BW2ita","https://github.com/Naxx13/BW2ita",432,8
"59",6,2012,"titanium_mobile","https://github.com/appcelerator/titanium_mobile",384,9
"60",6,2012,"HPCC-Platform","https://github.com/hpcc-systems/HPCC-Platform",349,10
"61",7,2012,"BW2ita","https://github.com/Naxx13/BW2ita",1151,1
"62",7,2012,"gaia","https://github.com/mozilla-b2g/gaia",907,2
"63",7,2012,"homebrew","https://github.com/mxcl/homebrew",863,3
"64",7,2012,"zf2","https://github.com/zendframework/zf2",845,4
"65",7,2012,"liferay-portal","https://github.com/brianchandotcom/liferay-portal",816,5
"66",7,2012,"B2W2eng","https://github.com/Kyohack/B2W2eng",688,6
"67",7,2012,"symfony","https://github.com/symfony/symfony",577,7
"68",7,2012,"B2W2spa","https://github.com/Kyohack/B2W2spa",467,8
"69",7,2012,"processmaker","https://github.com/colosa/processmaker",462,9
"70",7,2012,"scala","https://github.com/scala/scala",450,10
"71",8,2012,"homebrew","https://github.com/mxcl/homebrew",949,1
"72",8,2012,"gaia","https://github.com/mozilla-b2g/gaia",896,2
"73",8,2012,"liferay-portal","https://github.com/brianchandotcom/liferay-portal",834,3
"74",8,2012,"crowbar","https://github.com/dellcloudedge/crowbar",629,4
"75",8,2012,"jboss-as","https://github.com/jbossas/jboss-as",448,5
"76",8,2012,"butter","https://github.com/mozilla/butter",431,6
"77",8,2012,"zf2","https://github.com/zendframework/zf2",426,7
"78",8,2012,"scala","https://github.com/scala/scala",388,8
"79",8,2012,"titanium_mobile","https://github.com/appcelerator/titanium_mobile",387,9
"80",8,2012,"rails","https://github.com/rails/rails",349,10
"81",9,2012,"gaia","https://github.com/mozilla-b2g/gaia",1289,1
"82",9,2012,"liferay-portal","https://github.com/brianchandotcom/liferay-portal",791,2
"83",9,2012,"homebrew","https://github.com/mxcl/homebrew",773,3
"84",9,2012,"rails","https://github.com/rails/rails",445,4
"85",9,2012,"titanium_mobile","https://github.com/appcelerator/titanium_mobile",442,5
"86",9,2012,"scala","https://github.com/scala/scala",425,6
"87",9,2012,"katello","https://github.com/Katello/katello",406,7
"88",9,2012,"zf2","https://github.com/zendframework/zf2",364,8
"89",9,2012,"jboss-as","https://github.com/jbossas/jboss-as",363,9
"90",9,2012,"calcentral","https://github.com/ets-berkeley-edu/calcentral",332,10
"91",10,2012,"gaia","https://github.com/mozilla-b2g/gaia",1012,1
"92",10,2012,"homebrew","https://github.com/mxcl/homebrew",785,2
"93",10,2012,"liferay-portal","https://github.com/brianchandotcom/liferay-portal",772,3
"94",10,2012,"butter","https://github.com/mozilla/butter",551,4
"95",10,2012,"titanium_mobile","https://github.com/appcelerator/titanium_mobile",545,5
"96",10,2012,"jboss-as","https://github.com/jbossas/jboss-as",493,6
"97",10,2012,"processmaker","https://github.com/colosa/processmaker",489,7
"98",10,2012,"katello","https://github.com/Katello/katello",415,8
"99",10,2012,"xbmc","https://github.com/xbmc/xbmc",413,9
"100",10,2012,"rails","https://github.com/rails/rails",404,10
"101",10,2012,"origin-server","https://github.com/openshift/origin-server",404,10
"102",11,2012,"gaia","https://github.com/mozilla-b2g/gaia",1224,1
"103",11,2012,"liferay-portal","https://github.com/brianchandotcom/liferay-portal",828,2
"104",11,2012,"homebrew","https://github.com/mxcl/homebrew",660,3
"105",11,2012,"fizteh-java-task","https://github.com/dkomanov/fizteh-java-task",597,4
"106",11,2012,"salt","https://github.com/saltstack/salt",454,5
"107",11,2012,"osx-project-1","https://github.com/Hexlet/osx-project-1",419,6
"108",11,2012,"katello","https://github.com/Katello/katello",401,7
"109",11,2012,"rails","https://github.com/rails/rails",394,8
"110",11,2012,"liferay-portal","https://github.com/juliocamarero/liferay-portal",389,9
"111",11,2012,"origin-server","https://github.com/openshift/origin-server",379,10
"112",12,2012,"gaia","https://github.com/mozilla-b2g/gaia",878,1
"113",12,2012,"liferay-portal","https://github.com/brianchandotcom/liferay-portal",662,2
"114",12,2012,"homebrew","https://github.com/mxcl/homebrew",563,3
"115",12,2012,"symfony","https://github.com/symfony/symfony",473,4
"116",12,2012,"salt","https://github.com/saltstack/salt",441,5
"117",12,2012,"jboss-as","https://github.com/jbossas/jboss-as",410,6
"118",12,2012,"rails","https://github.com/rails/rails",373,7
"119",12,2012,"fizteh-java-task","https://github.com/dkomanov/fizteh-java-task",371,8
"120",12,2012,"katello","https://github.com/Katello/katello",329,9
"121",12,2012,"liferay-portal","https://github.com/juliocamarero/liferay-portal",308,10
"122",1,2013,"gaia","https://github.com/mozilla-b2g/gaia",1213,1
"123",1,2013,"liferay-portal","https://github.com/brianchandotcom/liferay-portal",1017,2
"124",1,2013,"homebrew","https://github.com/mxcl/homebrew",959,3
"125",1,2013,"rails","https://github.com/rails/rails",604,4
"126",1,2013,"zf2","https://github.com/zendframework/zf2",507,5
"127",1,2013,"salt","https://github.com/saltstack/salt",503,6
"128",1,2013,"symfony","https://github.com/symfony/symfony",497,7
"129",1,2013,"jboss-as","https://github.com/jbossas/jboss-as",485,8
"130",1,2013,"liferay-portal","https://github.com/juliocamarero/liferay-portal",472,9
"131",1,2013,"Specs","https://github.com/CocoaPods/Specs",425,10
"132",2,2013,"liferay-portal","https://github.com/brianchandotcom/liferay-portal",1111,1
"133",2,2013,"gaia","https://github.com/mozilla-b2g/gaia",821,2
"134",2,2013,"homebrew","https://github.com/mxcl/homebrew",811,3
"135",2,2013,"core","https://github.com/owncloud/core",579,4
"136",2,2013,"rust","https://github.com/mozilla/rust",465,5
"137",2,2013,"origin-server","https://github.com/openshift/origin-server",459,6
"138",2,2013,"rails","https://github.com/rails/rails",425,7
"139",2,2013,"liferay-portal","https://github.com/juliocamarero/liferay-portal",421,8
"140",2,2013,"ppsspp","https://github.com/hrydgard/ppsspp",398,9
"141",2,2013,"salt","https://github.com/saltstack/salt",394,10
"142",3,2013,"liferay-portal","https://github.com/brianchandotcom/liferay-portal",1319,1
"143",3,2013,"homebrew","https://github.com/mxcl/homebrew",926,2
"144",3,2013,"gaia","https://github.com/mozilla-b2g/gaia",917,3
"145",3,2013,"origin-server","https://github.com/openshift/origin-server",716,4
"146",3,2013,"rails","https://github.com/rails/rails",674,5
"147",3,2013,"rust","https://github.com/mozilla/rust",582,6
"148",3,2013,"civicrm-core","https://github.com/civicrm/civicrm-core",568,7
"149",3,2013,"discourse","https://github.com/discourse/discourse",505,8
"150",3,2013,"salt","https://github.com/saltstack/salt",486,9
"151",3,2013,"Specs","https://github.com/CocoaPods/Specs",451,10
"152",4,2013,"liferay-portal","https://github.com/brianchandotcom/liferay-portal",1435,1
"153",4,2013,"gaia","https://github.com/mozilla-b2g/gaia",1111,2
"154",4,2013,"origin-server","https://github.com/openshift/origin-server",891,3
"155",4,2013,"homebrew","https://github.com/mxcl/homebrew",815,4
"156",4,2013,"Specs","https://github.com/CocoaPods/Specs",661,5
"157",4,2013,"ycp-killer","https://github.com/yast/ycp-killer",642,6
"158",4,2013,"ppsspp","https://github.com/hrydgard/ppsspp",628,7
"159",4,2013,"civicrm-core","https://github.com/civicrm/civicrm-core",567,8
"160",4,2013,"symfony","https://github.com/symfony/symfony",549,9
"161",4,2013,"katello","https://github.com/Katello/katello",507,10
"162",5,2013,"liferay-portal","https://github.com/brianchandotcom/liferay-portal",1362,1
"163",5,2013,"gaia","https://github.com/mozilla-b2g/gaia",1254,2
"164",5,2013,"salt","https://github.com/saltstack/salt",901,3
"165",5,2013,"origin-server","https://github.com/openshift/origin-server",835,4
"166",5,2013,"homebrew","https://github.com/mxcl/homebrew",835,4
"167",5,2013,"Specs","https://github.com/CocoaPods/Specs",792,6
"168",5,2013,"rust","https://github.com/mozilla/rust",780,7
"169",5,2013,"Cataclysm-DDA","https://github.com/TheDarklingWolf/Cataclysm-DDA",645,8
"170",5,2013,"civicrm-core","https://github.com/civicrm/civicrm-core",629,9
"171",5,2013,"hifi","https://github.com/worklist/hifi",553,10
"172",6,2013,"liferay-portal","https://github.com/brianchandotcom/liferay-portal",1149,1
"173",6,2013,"gaia","https://github.com/mozilla-b2g/gaia",1070,2
"174",6,2013,"homebrew","https://github.com/mxcl/homebrew",890,3
"175",6,2013,"rust","https://github.com/mozilla/rust",704,4
"176",6,2013,"Specs","https://github.com/CocoaPods/Specs",677,5
"177",6,2013,"Cataclysm-DDA","https://github.com/CleverRaven/Cataclysm-DDA",579,6
"178",6,2013,"cocos2d-x","https://github.com/cocos2d/cocos2d-x",541,7
"179",6,2013,"salt","https://github.com/saltstack/salt",534,8
"180",6,2013,"rails","https://github.com/rails/rails",519,9
"181",6,2013,"edx-platform","https://github.com/edx/edx-platform",502,10
"182",7,2013,"liferay-portal","https://github.com/brianchandotcom/liferay-portal",1396,1
"183",7,2013,"gaia","https://github.com/mozilla-b2g/gaia",1060,2
"184",7,2013,"Specs","https://github.com/CocoaPods/Specs",1050,3
"185",7,2013,"rosdistro","https://github.com/ros/rosdistro",865,4
"186",7,2013,"homebrew","https://github.com/mxcl/homebrew",827,5
"187",7,2013,"salt","https://github.com/saltstack/salt",801,6
"188",7,2013,"rust","https://github.com/mozilla/rust",690,7
"189",7,2013,"rails","https://github.com/rails/rails",674,8
"190",7,2013,"origin-server","https://github.com/openshift/origin-server",575,9
"191",7,2013,"Cataclysm-DDA","https://github.com/CleverRaven/Cataclysm-DDA",544,10
"192",8,2013,"PullRequestTest","https://github.com/ideatest1/PullRequestTest",2103,1
"193",8,2013,"liferay-portal","https://github.com/brianchandotcom/liferay-portal",1357,2
"194",8,2013,"PullRequestTest","https://github.com/ideatest2/PullRequestTest",1201,3
"195",8,2013,"gaia","https://github.com/mozilla-b2g/gaia",1127,4
"196",8,2013,"Specs","https://github.com/CocoaPods/Specs",1083,5
"197",8,2013,"homebrew","https://github.com/mxcl/homebrew",937,6
"198",8,2013,"rust","https://github.com/mozilla/rust",808,7
"199",8,2013,"Cataclysm-DDA","https://github.com/CleverRaven/Cataclysm-DDA",688,8
"200",8,2013,"rosdistro","https://github.com/ros/rosdistro",684,9
"201",8,2013,"bootstrap","https://github.com/twbs/bootstrap",680,10
"202",9,2013,"PullRequestTest","https://github.com/ideatest1/PullRequestTest",2841,1
"203",9,2013,"liferay-portal","https://github.com/brianchandotcom/liferay-portal",1546,2
"204",9,2013,"PullRequestTest","https://github.com/ideatest2/PullRequestTest",1433,3
"205",9,2013,"gaia","https://github.com/mozilla-b2g/gaia",1241,4
"206",9,2013,"Specs","https://github.com/CocoaPods/Specs",984,5
"207",9,2013,"homebrew","https://github.com/mxcl/homebrew",954,6
"208",9,2013,"rust","https://github.com/mozilla/rust",770,7
"209",9,2013,"Cataclysm-DDA","https://github.com/CleverRaven/Cataclysm-DDA",754,8
"210",9,2013,"salt","https://github.com/saltstack/salt",712,9
"211",9,2013,"cocos2d-x","https://github.com/cocos2d/cocos2d-x",669,10
"212",10,2013,"PullRequestTest","https://github.com/ideatest1/PullRequestTest",3624,1
"213",10,2013,"PullRequestTest","https://github.com/ideatest2/PullRequestTest",1985,2
"214",10,2013,"liferay-portal","https://github.com/brianchandotcom/liferay-portal",1597,3
"215",10,2013,"Specs","https://github.com/CocoaPods/Specs",1464,4
"216",10,2013,"snoopys-sandbox","https://github.com/openmicroscopy/snoopys-sandbox",1433,5
"217",10,2013,"gaia","https://github.com/mozilla-b2g/gaia",1419,6
"218",10,2013,"yac2013","https://github.com/yandex-cs/yac2013",1264,7
"219",10,2013,"homebrew","https://github.com/mxcl/homebrew",919,8
"220",10,2013,"Cataclysm-DDA","https://github.com/CleverRaven/Cataclysm-DDA",880,9
"221",10,2013,"commcare-hq","https://github.com/dimagi/commcare-hq",806,10
"222",11,2013,"PullRequestTest","https://github.com/ideatest2/PullRequestTest",2956,1
"223",11,2013,"PullRequestTest","https://github.com/ideatest1/PullRequestTest",2952,2
"224",11,2013,"snoopys-sandbox","https://github.com/openmicroscopy/snoopys-sandbox",1988,3
"225",11,2013,"gaia","https://github.com/mozilla-b2g/gaia",1887,4
"226",11,2013,"Specs","https://github.com/CocoaPods/Specs",1358,5
"227",11,2013,"homebrew","https://github.com/mxcl/homebrew",1166,6
"228",11,2013,"Cataclysm-DDA","https://github.com/CleverRaven/Cataclysm-DDA",1134,7
"229",11,2013,"liferay-portal","https://github.com/brianchandotcom/liferay-portal",999,8
"230",11,2013,"homebrew-cask","https://github.com/phinze/homebrew-cask",849,9
"231",11,2013,"salt","https://github.com/saltstack/salt",766,10
"232",12,2013,"PullRequestTest","https://github.com/ideatest2/PullRequestTest",2287,1
"233",12,2013,"PullRequestTest","https://github.com/ideatest1/PullRequestTest",2279,2
"234",12,2013,"Specs","https://github.com/CocoaPods/Specs",1440,3
"235",12,2013,"gaia","https://github.com/mozilla-b2g/gaia",1407,4
"236",12,2013,"snoopys-sandbox","https://github.com/openmicroscopy/snoopys-sandbox",831,5
"237",12,2013,"salt","https://github.com/saltstack/salt",793,6
"238",12,2013,"Cataclysm-DDA","https://github.com/CleverRaven/Cataclysm-DDA",753,7
"239",12,2013,"cocos2d-x","https://github.com/cocos2d/cocos2d-x",683,8
"240",12,2013,"infosec","https://github.com/vlsergey/infosec",631,9
"241",12,2013,"homebrew-cask","https://github.com/phinze/homebrew-cask",621,10
"242",1,2014,"PullRequestTest","https://github.com/ideatest2/PullRequestTest",2388,1
"243",1,2014,"PullRequestTest","https://github.com/ideatest1/PullRequestTest",2370,2
"244",1,2014,"Specs","https://github.com/CocoaPods/Specs",1980,3
"245",1,2014,"gaia","https://github.com/mozilla-b2g/gaia",1737,4
"246",1,2014,"workflow_test","https://github.com/h-nuschke/workflow_test",1446,5
"247",1,2014,"snoopys-sandbox","https://github.com/openmicroscopy/snoopys-sandbox",1135,6
"248",1,2014,"cocos2d-x","https://github.com/cocos2d/cocos2d-x",1079,7
"249",1,2014,"liferay-portal","https://github.com/brianchandotcom/liferay-portal",1032,8
"250",1,2014,"homebrew","https://github.com/Homebrew/homebrew",989,9
"251",1,2014,"rust","https://github.com/mozilla/rust",812,10
"252",2,2014,"PullRequestTest","https://github.com/ideatest1/PullRequestTest",2445,1
"253",2,2014,"PullRequestTest","https://github.com/ideatest2/PullRequestTest",2426,2
"254",2,2014,"Specs","https://github.com/CocoaPods/Specs",2277,3
"255",2,2014,"gaia","https://github.com/mozilla-b2g/gaia",1584,4
"256",2,2014,"liferay-portal","https://github.com/brianchandotcom/liferay-portal",1218,5
"257",2,2014,"homebrew","https://github.com/Homebrew/homebrew",1204,6
"258",2,2014,"snoopys-sandbox","https://github.com/openmicroscopy/snoopys-sandbox",1125,7
"259",2,2014,"homebrew-cask","https://github.com/phinze/homebrew-cask",1025,8
"260",2,2014,"salt","https://github.com/saltstack/salt",1018,9
"261",2,2014,"cmssw","https://github.com/cms-sw/cmssw",846,10
"262",3,2014,"Specs","https://github.com/CocoaPods/Specs",2524,1
"263",3,2014,"PullRequestTest","https://github.com/ideatest2/PullRequestTest",2196,2
"264",3,2014,"PullRequestTest","https://github.com/ideatest1/PullRequestTest",2169,3
"265",3,2014,"gaia","https://github.com/mozilla-b2g/gaia",1957,4
"266",3,2014,"snoopys-sandbox","https://github.com/openmicroscopy/snoopys-sandbox",1818,5
"267",3,2014,"liferay-portal","https://github.com/brianchandotcom/liferay-portal",1307,6
"268",3,2014,"homebrew","https://github.com/Homebrew/homebrew",1207,7
"269",3,2014,"cocos2d-x","https://github.com/cocos2d/cocos2d-x",1111,8
"270",3,2014,"salt","https://github.com/saltstack/salt",1099,9
"271",3,2014,"Cataclysm-DDA","https://github.com/CleverRaven/Cataclysm-DDA",874,10
"272",4,2014,"Specs","https://github.com/CocoaPods/Specs",2454,1
"273",4,2014,"PullRequestTest","https://github.com/ideatest1/PullRequestTest",2019,2
"274",4,2014,"PullRequestTest","https://github.com/ideatest2/PullRequestTest",2007,3
"275",4,2014,"gaia","https://github.com/mozilla-b2g/gaia",1932,4
"276",4,2014,"snoopys-sandbox","https://github.com/openmicroscopy/snoopys-sandbox",1906,5
"277",4,2014,"test-repo","https://github.com/DogFoodSoftware/test-repo",1328,6
"278",4,2014,"contact-congress","https://github.com/unitedstates/contact-congress",1282,7
"279",4,2014,"liferay-portal","https://github.com/brianchandotcom/liferay-portal",1242,8
"280",4,2014,"homebrew","https://github.com/Homebrew/homebrew",1142,9
"281",4,2014,"salt","https://github.com/saltstack/salt",1031,10
"282",5,2014,"Specs","https://github.com/CocoaPods/Specs",2036,1
"283",5,2014,"gaia","https://github.com/mozilla-b2g/gaia",1898,2
"284",5,2014,"PullRequestTest","https://github.com/ideatest2/PullRequestTest",1776,3
"285",5,2014,"PullRequestTest","https://github.com/ideatest1/PullRequestTest",1761,4
"286",5,2014,"snoopys-sandbox","https://github.com/openmicroscopy/snoopys-sandbox",1543,5
"287",5,2014,"homebrew","https://github.com/Homebrew/homebrew",1295,6
"288",5,2014,"liferay-portal","https://github.com/brianchandotcom/liferay-portal",1244,7
"289",5,2014,"rosdistro","https://github.com/ros/rosdistro",1008,8
"290",5,2014,"salt","https://github.com/saltstack/salt",952,9
"291",5,2014,"cmssw","https://github.com/cms-sw/cmssw",846,10
"292",6,2014,"gaia","https://github.com/mozilla-b2g/gaia",2613,1
"293",6,2014,"snoopys-sandbox","https://github.com/openmicroscopy/snoopys-sandbox",1979,2
"294",6,2014,"PullRequestTest","https://github.com/ideatest1/PullRequestTest",1641,3
"295",6,2014,"PullRequestTest","https://github.com/ideatest2/PullRequestTest",1641,3
"296",6,2014,"liferay-portal","https://github.com/brianchandotcom/liferay-portal",1348,5
"297",6,2014,"homebrew","https://github.com/Homebrew/homebrew",1165,6
"298",6,2014,"salt","https://github.com/saltstack/salt",972,7
"299",6,2014,"homebrew-cask","https://github.com/caskroom/homebrew-cask",908,8
"300",6,2014,"rails","https://github.com/rails/rails",836,9
"301",6,2014,"docker","https://github.com/dotcloud/docker",811,10
"302",7,2014,"gaia","https://github.com/mozilla-b2g/gaia",2221,1
"303",7,2014,"PullRequestTest","https://github.com/ideatest1/PullRequestTest",2133,2
"304",7,2014,"PullRequestTest","https://github.com/ideatest2/PullRequestTest",2121,3
"305",7,2014,"snoopys-sandbox","https://github.com/openmicroscopy/snoopys-sandbox",1760,4
"306",7,2014,"liferay-portal","https://github.com/brianchandotcom/liferay-portal",1123,5
"307",7,2014,"salt","https://github.com/saltstack/salt",1017,6
"308",7,2014,"homebrew","https://github.com/Homebrew/homebrew",1000,7
"309",7,2014,"spark","https://github.com/apache/spark",828,8
"310",7,2014,"rust","https://github.com/rust-lang/rust",825,9
"311",7,2014,"homebrew-cask","https://github.com/caskroom/homebrew-cask",806,10
"312",8,2014,"PullRequestTest","https://github.com/ideatest2/PullRequestTest",2483,1
"313",8,2014,"PullRequestTest","https://github.com/ideatest1/PullRequestTest",2445,2
"314",8,2014,"gaia","https://github.com/mozilla-b2g/gaia",2184,3
"315",8,2014,"snoopys-sandbox","https://github.com/openmicroscopy/snoopys-sandbox",1780,4
"316",8,2014,"salt","https://github.com/saltstack/salt",1151,5
"317",8,2014,"liferay-portal","https://github.com/brianchandotcom/liferay-portal",1114,6
"318",8,2014,"homebrew","https://github.com/Homebrew/homebrew",1057,7
"319",8,2014,"spark","https://github.com/apache/spark",1047,8
"320",8,2014,"frontend","https://github.com/guardian/frontend",821,9
"321",8,2014,"nixpkgs","https://github.com/NixOS/nixpkgs",817,10
"322",9,2014,"gaia","https://github.com/mozilla-b2g/gaia",2016,1
"323",9,2014,"snoopys-sandbox","https://github.com/openmicroscopy/snoopys-sandbox",1614,2
"324",9,2014,"PullRequestTest","https://github.com/ideatest1/PullRequestTest",1578,3
"325",9,2014,"PullRequestTest","https://github.com/ideatest2/PullRequestTest",1571,4
"326",9,2014,"salt","https://github.com/saltstack/salt",1536,5
"327",9,2014,"liferay-portal","https://github.com/brianchandotcom/liferay-portal",1135,6
"328",9,2014,"homebrew","https://github.com/Homebrew/homebrew",1125,7
"329",9,2014,"cmssw","https://github.com/cms-sw/cmssw",985,8
"330",9,2014,"dojo_rules","https://github.com/deadlyvipers/dojo_rules",877,9
"331",9,2014,"frontend","https://github.com/guardian/frontend",824,10
"332",10,2014,"gaia","https://github.com/mozilla-b2g/gaia",3899,1
"333",10,2014,"snoopys-sandbox","https://github.com/openmicroscopy/snoopys-sandbox",1659,2
"334",10,2014,"infosec","https://github.com/vlsergey/infosec",1471,3
"335",10,2014,"autolander-test","https://github.com/autolander/autolander-test",1328,4
"336",10,2014,"Get-D2-2014-Ticket","https://github.com/soulteary/Get-D2-2014-Ticket",1256,5
"337",10,2014,"liferay-portal","https://github.com/brianchandotcom/liferay-portal",1228,6
"338",10,2014,"homebrew-cask","https://github.com/caskroom/homebrew-cask",1224,7
"339",10,2014,"homebrew","https://github.com/Homebrew/homebrew",1182,8
"340",10,2014,"salt","https://github.com/saltstack/salt",1173,9
"341",10,2014,"frontend","https://github.com/guardian/frontend",1137,10
"342",11,2014,"salt","https://github.com/saltstack/salt",2553,1
"343",11,2014,"autolander-test","https://github.com/autolander/autolander-test",2422,2
"344",11,2014,"snoopys-sandbox","https://github.com/openmicroscopy/snoopys-sandbox",1938,3
"345",11,2014,"gaia","https://github.com/mozilla-b2g/gaia",1727,4
"346",11,2014,"liferay-portal","https://github.com/brianchandotcom/liferay-portal",1210,5
"347",11,2014,"global.hackathon","https://github.com/koding/global.hackathon",1136,6
"348",11,2014,"homebrew","https://github.com/Homebrew/homebrew",1116,7
"349",11,2014,"cmssw","https://github.com/cms-sw/cmssw",1026,8
"350",11,2014,"homebrew-cask","https://github.com/caskroom/homebrew-cask",1009,9
"351",11,2014,"spark","https://github.com/apache/spark",908,10
"352",12,2014,"infosec","https://github.com/vlsergey/infosec",1878,1
"353",12,2014,"snoopys-sandbox","https://github.com/openmicroscopy/snoopys-sandbox",1782,2
"354",12,2014,"global.hackathon","https://github.com/koding/global.hackathon",1726,3
"355",12,2014,"homebrew-cask","https://github.com/caskroom/homebrew-cask",1342,4
"356",12,2014,"homebrew","https://github.com/Homebrew/homebrew",1211,5
"357",12,2014,"salt","https://github.com/saltstack/salt",1122,6
"358",12,2014,"gaia","https://github.com/mozilla-b2g/gaia",1102,7
"359",12,2014,"rust","https://github.com/rust-lang/rust",972,8
"360",12,2014,"liferay-portal","https://github.com/brianchandotcom/liferay-portal",913,9
"361",12,2014,"spark","https://github.com/apache/spark",725,10
"362",1,2015,"openmicroscopy/snoopys-sandbox","https://api.github.com/repos/openmicroscopy/snoopys-sandbox",2908,1
"363",1,2015,"mozilla-b2g/gaia","https://api.github.com/repos/mozilla-b2g/gaia",1684,2
"364",1,2015,"Homebrew/homebrew","https://api.github.com/repos/Homebrew/homebrew",1613,3
"365",1,2015,"rust-lang/rust","https://api.github.com/repos/rust-lang/rust",1418,4
"366",1,2015,"caskroom/homebrew-cask","https://api.github.com/repos/caskroom/homebrew-cask",1362,5
"367",1,2015,"saltstack/salt","https://api.github.com/repos/saltstack/salt",1358,6
"368",1,2015,"brianchandotcom/liferay-portal","https://api.github.com/repos/brianchandotcom/liferay-portal",1310,7
"369",1,2015,"sdepold/octo.erl-test","https://api.github.com/repos/sdepold/octo.erl-test",1156,8
"370",1,2015,"GoogleCloudPlatform/kubernetes","https://api.github.com/repos/GoogleCloudPlatform/kubernetes",982,9
"371",1,2015,"tgstation/-tg-station","https://api.github.com/repos/tgstation/-tg-station",906,10
"372",2,2015,"openmicroscopy/snoopys-sandbox","https://api.github.com/repos/openmicroscopy/snoopys-sandbox",1858,1
"373",2,2015,"mozilla-b2g/gaia","https://api.github.com/repos/mozilla-b2g/gaia",1686,2
"374",2,2015,"brianchandotcom/liferay-portal","https://api.github.com/repos/brianchandotcom/liferay-portal",1499,3
"375",2,2015,"Homebrew/homebrew","https://api.github.com/repos/Homebrew/homebrew",1288,4
"376",2,2015,"saltstack/salt","https://api.github.com/repos/saltstack/salt",1168,5
"377",2,2015,"GoogleCloudPlatform/kubernetes","https://api.github.com/repos/GoogleCloudPlatform/kubernetes",1154,6
"378",2,2015,"apache/spark","https://api.github.com/repos/apache/spark",1150,7
"379",2,2015,"rust-lang/rust","https://api.github.com/repos/rust-lang/rust",1149,8
"380",2,2015,"tphongio/elasticbox-plugin","https://api.github.com/repos/tphongio/elasticbox-plugin",1100,9
"381",2,2015,"cms-sw/cmssw","https://api.github.com/repos/cms-sw/cmssw",978,10
"382",3,2015,"mozilla-b2g/gaia","https://api.github.com/repos/mozilla-b2g/gaia",2269,1
"383",3,2015,"openmicroscopy/snoopys-sandbox","https://api.github.com/repos/openmicroscopy/snoopys-sandbox",1937,2
"384",3,2015,"brianchandotcom/liferay-portal","https://api.github.com/repos/brianchandotcom/liferay-portal",1771,3
"385",3,2015,"GoogleCloudPlatform/kubernetes","https://api.github.com/repos/GoogleCloudPlatform/kubernetes",1744,4
"386",3,2015,"Homebrew/homebrew","https://api.github.com/repos/Homebrew/homebrew",1585,5
"387",3,2015,"saltstack/salt","https://api.github.com/repos/saltstack/salt",1376,6
"388",3,2015,"cms-sw/cmssw","https://api.github.com/repos/cms-sw/cmssw",1250,7
"389",3,2015,"docker/docker","https://api.github.com/repos/docker/docker",1084,8
"390",3,2015,"rust-lang/rust","https://api.github.com/repos/rust-lang/rust",1072,9
"391",3,2015,"jlord/patchwork","https://api.github.com/repos/jlord/patchwork",1005,10
"392",4,2015,"openmicroscopy/snoopys-sandbox","https://api.github.com/repos/openmicroscopy/snoopys-sandbox",1805,1
"393",4,2015,"GoogleCloudPlatform/kubernetes","https://api.github.com/repos/GoogleCloudPlatform/kubernetes",1774,2
"394",4,2015,"brianchandotcom/liferay-portal","https://api.github.com/repos/brianchandotcom/liferay-portal",1669,3
"395",4,2015,"Homebrew/homebrew","https://api.github.com/repos/Homebrew/homebrew",1634,4
"396",4,2015,"RubySteps/21-day-challenge","https://api.github.com/repos/RubySteps/21-day-challenge",1518,5
"397",4,2015,"saltstack/salt","https://api.github.com/repos/saltstack/salt",1378,6
"398",4,2015,"caskdata/cdap","https://api.github.com/repos/caskdata/cdap",1266,7
"399",4,2015,"rust-lang/rust","https://api.github.com/repos/rust-lang/rust",1217,8
"400",4,2015,"mozilla-b2g/gaia","https://api.github.com/repos/mozilla-b2g/gaia",1185,9
"401",4,2015,"docker/docker","https://api.github.com/repos/docker/docker",1106,10
"402",5,2015,"openmicroscopy/snoopys-sandbox","https://api.github.com/repos/openmicroscopy/snoopys-sandbox",1883,1
"403",5,2015,"GoogleCloudPlatform/kubernetes","https://api.github.com/repos/GoogleCloudPlatform/kubernetes",1782,2
"404",5,2015,"Homebrew/homebrew","https://api.github.com/repos/Homebrew/homebrew",1775,3
"405",5,2015,"brianchandotcom/liferay-portal","https://api.github.com/repos/brianchandotcom/liferay-portal",1660,4
"406",5,2015,"apache/spark","https://api.github.com/repos/apache/spark",1458,5
"407",5,2015,"karzhouAndrew/JavaRepository","https://api.github.com/repos/karzhouAndrew/JavaRepository",1408,6
"408",5,2015,"saltstack/salt","https://api.github.com/repos/saltstack/salt",1357,7
"409",5,2015,"rust-lang/rust","https://api.github.com/repos/rust-lang/rust",1112,8
"410",5,2015,"jlord/patchwork","https://api.github.com/repos/jlord/patchwork",1099,9
"411",5,2015,"mozilla-b2g/gaia","https://api.github.com/repos/mozilla-b2g/gaia",1077,10
"412",6,2015,"GoogleCloudPlatform/kubernetes","https://api.github.com/repos/GoogleCloudPlatform/kubernetes",1897,1
"413",6,2015,"openmicroscopy/snoopys-sandbox","https://api.github.com/repos/openmicroscopy/snoopys-sandbox",1804,2
"414",6,2015,"brianchandotcom/liferay-portal","https://api.github.com/repos/brianchandotcom/liferay-portal",1800,3
"415",6,2015,"Homebrew/homebrew","https://api.github.com/repos/Homebrew/homebrew",1544,4
"416",6,2015,"JasonMWhite/gitlawca","https://api.github.com/repos/JasonMWhite/gitlawca",1464,5
"417",6,2015,"caskroom/homebrew-cask","https://api.github.com/repos/caskroom/homebrew-cask",1454,6
"418",6,2015,"apache/spark","https://api.github.com/repos/apache/spark",1188,7
"419",6,2015,"jlord/patchwork","https://api.github.com/repos/jlord/patchwork",1158,8
"420",6,2015,"cms-sw/cmssw","https://api.github.com/repos/cms-sw/cmssw",1116,9
"421",6,2015,"openshift/origin","https://api.github.com/repos/openshift/origin",1024,10
"422",7,2015,"GoogleCloudPlatform/kubernetes","https://api.github.com/repos/GoogleCloudPlatform/kubernetes",2213,1
"423",7,2015,"brianchandotcom/liferay-portal","https://api.github.com/repos/brianchandotcom/liferay-portal",2040,2
"424",7,2015,"openmicroscopy/snoopys-sandbox","https://api.github.com/repos/openmicroscopy/snoopys-sandbox",1886,3
"425",7,2015,"Homebrew/homebrew","https://api.github.com/repos/Homebrew/homebrew",1720,4
"426",7,2015,"2jdesign/pro-bolt","https://api.github.com/repos/2jdesign/pro-bolt",1659,5
"427",7,2015,"apache/spark","https://api.github.com/repos/apache/spark",1458,6
"428",7,2015,"Gooru/Gooru-Web","https://api.github.com/repos/Gooru/Gooru-Web",1433,7
"429",7,2015,"jsdelivr/jsdelivr","https://api.github.com/repos/jsdelivr/jsdelivr",1300,8
"430",7,2015,"caskroom/homebrew-cask","https://api.github.com/repos/caskroom/homebrew-cask",1290,9
"431",7,2015,"jlord/patchwork","https://api.github.com/repos/jlord/patchwork",1135,10
"432",8,2015,"2jdesign/pro-bolt","https://api.github.com/repos/2jdesign/pro-bolt",1866,1
"433",8,2015,"brianchandotcom/liferay-portal","https://api.github.com/repos/brianchandotcom/liferay-portal",1794,2
"434",8,2015,"openmicroscopy/snoopys-sandbox","https://api.github.com/repos/openmicroscopy/snoopys-sandbox",1793,3
"435",8,2015,"Homebrew/homebrew","https://api.github.com/repos/Homebrew/homebrew",1661,4
"436",8,2015,"jlord/patchwork","https://api.github.com/repos/jlord/patchwork",1413,5
"437",8,2015,"apache/spark","https://api.github.com/repos/apache/spark",1392,6
"438",8,2015,"kubernetes/kubernetes","https://api.github.com/repos/kubernetes/kubernetes",1191,7
"439",8,2015,"saltstack/salt","https://api.github.com/repos/saltstack/salt",1080,8
"440",8,2015,"caskroom/homebrew-cask","https://api.github.com/repos/caskroom/homebrew-cask",1078,9
"441",8,2015,"cms-sw/cmssw","https://api.github.com/repos/cms-sw/cmssw",1027,10
"442",9,2015,"kubernetes/kubernetes","https://api.github.com/repos/kubernetes/kubernetes",2669,1
"443",9,2015,"brianchandotcom/liferay-portal","https://api.github.com/repos/brianchandotcom/liferay-portal",1906,2
"444",9,2015,"openmicroscopy/snoopys-sandbox","https://api.github.com/repos/openmicroscopy/snoopys-sandbox",1865,3
"445",9,2015,"jlord/patchwork","https://api.github.com/repos/jlord/patchwork",1673,4
"446",9,2015,"Homebrew/homebrew","https://api.github.com/repos/Homebrew/homebrew",1471,5
"447",9,2015,"ArcanaMagus/Malware","https://api.github.com/repos/ArcanaMagus/Malware",1063,6
"448",9,2015,"caskroom/homebrew-cask","https://api.github.com/repos/caskroom/homebrew-cask",1054,7
"449",9,2015,"mozilla-b2g/gaia","https://api.github.com/repos/mozilla-b2g/gaia",1040,8
"450",9,2015,"cms-sw/cmssw","https://api.github.com/repos/cms-sw/cmssw",1030,9
"451",9,2015,"jsdelivr/jsdelivr","https://api.github.com/repos/jsdelivr/jsdelivr",1012,10
"452",10,2015,"kubernetes/kubernetes","https://api.github.com/repos/kubernetes/kubernetes",3185,1
"453",10,2015,"brianchandotcom/liferay-portal","https://api.github.com/repos/brianchandotcom/liferay-portal",1944,2
"454",10,2015,"openmicroscopy/snoopys-sandbox","https://api.github.com/repos/openmicroscopy/snoopys-sandbox",1885,3
"455",10,2015,"Homebrew/homebrew","https://api.github.com/repos/Homebrew/homebrew",1651,4
"456",10,2015,"mozilla-b2g/gaia","https://api.github.com/repos/mozilla-b2g/gaia",1583,5
"457",10,2015,"code-dot-org/code-dot-org","https://api.github.com/repos/code-dot-org/code-dot-org",1458,6
"458",10,2015,"caskroom/homebrew-cask","https://api.github.com/repos/caskroom/homebrew-cask",1332,7
"459",10,2015,"cms-sw/cmssw","https://api.github.com/repos/cms-sw/cmssw",1189,8
"460",10,2015,"ManageIQ/manageiq","https://api.github.com/repos/ManageIQ/manageiq",1129,9
"461",10,2015,"jlord/patchwork","https://api.github.com/repos/jlord/patchwork",1092,10
"462",11,2015,"ooniversity/ooniversity_django_courses_03","https://api.github.com/repos/ooniversity/ooniversity_django_courses_03",3432,1
"463",11,2015,"openpublishtest/ope2etest-sandbox","https://api.github.com/repos/openpublishtest/ope2etest-sandbox",2902,2
"464",11,2015,"ceph-workbench/testrepo","https://api.github.com/repos/ceph-workbench/testrepo",2295,3
"465",11,2015,"brianchandotcom/liferay-portal","https://api.github.com/repos/brianchandotcom/liferay-portal",2261,4
"466",11,2015,"kubernetes/kubernetes","https://api.github.com/repos/kubernetes/kubernetes",2221,5
"467",11,2015,"openmicroscopy/snoopys-sandbox","https://api.github.com/repos/openmicroscopy/snoopys-sandbox",1722,6
"468",11,2015,"Homebrew/homebrew","https://api.github.com/repos/Homebrew/homebrew",1549,7
"469",11,2015,"Webschool-io/be-mean-instagram-mongodb-excercises","https://api.github.com/repos/Webschool-io/be-mean-instagram-mongodb-excercises",1521,8
"470",11,2015,"code-dot-org/code-dot-org","https://api.github.com/repos/code-dot-org/code-dot-org",1382,9
"471",11,2015,"apache/spark","https://api.github.com/repos/apache/spark",1318,10
"472",12,2015,"ooniversity/ooniversity_django_courses_03","https://api.github.com/repos/ooniversity/ooniversity_django_courses_03",3796,1
"473",12,2015,"vlsergey/infosec","https://api.github.com/repos/vlsergey/infosec",3151,2
"474",12,2015,"kubernetes/kubernetes","https://api.github.com/repos/kubernetes/kubernetes",2706,3
"475",12,2015,"brianchandotcom/liferay-portal","https://api.github.com/repos/brianchandotcom/liferay-portal",2138,4
"476",12,2015,"openmicroscopy/snoopys-sandbox","https://api.github.com/repos/openmicroscopy/snoopys-sandbox",1888,5
"477",12,2015,"everypolitician/viewer-sinatra","https://api.github.com/repos/everypolitician/viewer-sinatra",1814,6
"478",12,2015,"everypolitician/everypolitician-data","https://api.github.com/repos/everypolitician/everypolitician-data",1796,7
"479",12,2015,"Homebrew/homebrew","https://api.github.com/repos/Homebrew/homebrew",1685,8
"480",12,2015,"openpublishtest/ope2etest-sandbox","https://api.github.com/repos/openpublishtest/ope2etest-sandbox",1656,9
"481",12,2015,"apple/swift","https://api.github.com/repos/apple/swift",1582,10
